MARCA,MODELO,SISTEMA,VERS_SISTEMA
8849,TANK2,Android,13
Alldocube,iPlay_30,Android,10
Apple,iPad,iOS,17.5.2001
Apple,iPad,iOS,18.2
Apple,iPad,iOS,17.7
Apple,iPad,iOS,16.1
Apple,iPad,iOS,17.1.2002
Apple,iPad,iOS,17.6.2001
Apple,iPad,iOS,17.2
Apple,iPad,iOS,17.4
Apple,iPad,iOS,18
Apple,iPad,iOS,18.0.1
Apple,iPad,iOS,17.4.2001
Apple,iPad,iOS,16.3.2001
Apple,iPad,iOS,18.3.2001
Apple,iPad,iOS,16.4.2001
Apple,iPad,iOS,17.0.2
Apple,iPad,iOS,17.3.2001
Apple,iPad,iOS,18.3
Apple,iPad,iOS,16.6
Apple,iPad,iOS,18.1.2001
Apple,iPad,iOS,15.7
Apple,iPad (10th generation),iOS,18.4
Apple,iPad (10th generation),iOS,18.3.2002
Apple,iPad (10th generation),iOS,18.4.2001
Apple,iPad (10th generation),iOS,17.6.2001
Apple,iPad (10th generation),iOS,18.1.2001
Apple,iPad (5th generation),iOS,16.7.2007
Apple,iPad (6th generation),iOS,17.5.2001
Apple,iPad (7th generation),iOS,17.5.2001
Apple,iPad (7th generation),iOS,18.3.2001
Apple,iPad (7th generation),iOS,17.6.2001
Apple,iPad Air (3rd generation),iOS,18.3
Apple,iPad Air (3rd generation),iOS,18.1.2001
Apple,iPad Air (3rd generation),iOS,18
Apple,iPad Air (4th generation),iOS,18.3.2002
Apple,iPad Air (4th generation),iOS,17.2
Apple,iPad Air (4th generation),iOS,17.6.2001
Apple,iPad Air (4th generation),iOS,17.5.2001
Apple,iPad Air (5th generation),iOS,18.3.2001
Apple,iPad Air (5th generation),iOS,17.6.2001
Apple,iPad Air 2,iOS,15.8.2002
Apple,iPad Mini 4,iOS,15.6.2001
Apple,iPad Mini 5,iOS,18
Apple,iPad Mini 5,iOS,17.6.2001
Apple,iPad Pro 10.5-inch,iOS,17.4.2001
Apple,iPad Pro 11-inch (3rd generation),iOS,18.1.2001
Apple,iPad Pro 11-inch (3rd generation),iOS,18.3.2002
Apple,iPad Pro 11-inch (3rd generation),iOS,17.3.2001
Apple,iPad Pro 11-inch (3rd generation),iOS,17.6.2001
Apple,iPad Pro 11-inch (5th generation),iOS,18.4
Apple,iPad Pro 12.9-inch (3rd generation),iOS,17.5.2001
Apple,iPad Pro 12.9-inch (3rd generation),iOS,18.1
Apple,iPhone,iOS,18.4
Apple,iPhone,iOS,18.0.1
Apple,iPhone,iOS,17.4
Apple,iPhone,iOS,17.1.2002
Apple,iPhone,iOS,18.2
Apple,iPhone,iOS,17.3
Apple,iPhone,iOS,18.3.2002
Apple,iPhone,iOS,17.0.2
Apple,iPhone,iOS,16.0.2
Apple,iPhone,iOS,18.4.2001
Apple,iPhone,iOS,17.5.2001
Apple,iPhone,iOS,16.3.2001
Apple,iPhone,iOS,18.3
Apple,iPhone,iOS,16.4.2001
Apple,iPhone,iOS,16.7.2002
Apple,iPhone,iOS,17.5
Apple,iPhone,iOS,17.2.2001
Apple,iPhone,iOS,16.1
Apple,iPhone,iOS,18.1
Apple,iPhone,iOS,16.1.2002
Apple,iPhone,iOS,16.5.2001
Apple,iPhone,iOS,16
Apple,iPhone,iOS,16.3
Apple,iPhone,iOS,17.2
Apple,iPhone,iOS,17.4.2001
Apple,iPhone,iOS,17.7
Apple,iPhone,iOS,16.5
Apple,iPhone,iOS,17.6
Apple,iPhone,iOS,17.7.2001
Apple,iPhone,iOS,16.6
Apple,iPhone,iOS,16.2
Apple,iPhone,iOS,17.3.2001
Apple,iPhone,iOS,17.0.3
Apple,iPhone,iOS,16.6.2001
Apple,iPhone,iOS,18
Apple,iPhone,iOS,17.7.2002
Apple,iPhone,iOS,17.1
Apple,iPhone,iOS,17.1.2001
Apple,iPhone,iOS,16.0.3
Apple,iPhone,iOS,17
Apple,iPhone,iOS,17.6.2001
Apple,iPhone,iOS,16.1.2001
Apple,iPhone,iOS,18.3.2001
Apple,iPhone,iOS,18.2.2001
Apple,iPhone,iOS,18.1.2001
Apple,iPhone,iOS,17.0.1
Apple,iPhone,iOS,16.0.1
Apple,iPhone 11,iOS,16.1.2001
Apple,iPhone 11,iOS,16.4.2001
Apple,iPhone 11,iOS,17.7.2002
Apple,iPhone 11,iOS,16.4
Apple,iPhone 11,iOS,17.0.1
Apple,iPhone 11,iOS,15.2
Apple,iPhone 11,iOS,15.4
Apple,iPhone 11,iOS,18.1.2001
Apple,iPhone 11,iOS,18.4.2001
Apple,iPhone 11,iOS,17.1.2001
Apple,iPhone 11,iOS,18.2.2001
Apple,iPhone 11,iOS,16.7
Apple,iPhone 11,iOS,18.3
Apple,iPhone 11,iOS,17.2.2001
Apple,iPhone 11,iOS,16.7.2002
Apple,iPhone 11,iOS,17.4.2001
Apple,iPhone 11,iOS,17
Apple,iPhone 11,iOS,17.4
Apple,iPhone 11,iOS,18.4
Apple,iPhone 11,iOS,15.4.2001
Apple,iPhone 11,iOS,16.5.2001
Apple,iPhone 11,iOS,15.3.2001
Apple,iPhone 11,iOS,15.7
Apple,iPhone 11,iOS,14.7.2001
Apple,iPhone 11,iOS,14.1
Apple,iPhone 11,iOS,16.5
Apple,iPhone 11,iOS,16.6.2001
Apple,iPhone 11,iOS,18.2
Apple,iPhone 11,iOS,18.1
Apple,iPhone 11,iOS,17.3
Apple,iPhone 11,iOS,18.3.2001
Apple,iPhone 11,iOS,16.6
Apple,iPhone 11,iOS,16.1.2002
Apple,iPhone 11,iOS,17.6.2001
Apple,iPhone 11,iOS,16.2
Apple,iPhone 11,iOS,15.6.2001
Apple,iPhone 11,iOS,16.1
Apple,iPhone 11,iOS,17.5
Apple,iPhone 11,iOS,17.1.2002
Apple,iPhone 11,iOS,17.7
Apple,iPhone 11,iOS,16.0.2
Apple,iPhone 11,iOS,17.7.2001
Apple,iPhone 11,iOS,18.0.1
Apple,iPhone 11,iOS,17.6
Apple,iPhone 11,iOS,18
Apple,iPhone 11,iOS,17.1
Apple,iPhone 11,iOS,17.5.2001
Apple,iPhone 11,iOS,16.0.3
Apple,iPhone 11,iOS,16
Apple,iPhone 11,iOS,17.3.2001
Apple,iPhone 11,iOS,15.5
Apple,iPhone 11,iOS,18.3.2002
Apple,iPhone 11,iOS,16.3.2001
Apple,iPhone 11,iOS,15.6
Apple,iPhone 11,iOS,17.0.2
Apple,iPhone 11,iOS,16.3
Apple,iPhone 11,iOS,17.0.3
Apple,iPhone 11 Pro,iOS,17.6.2001
Apple,iPhone 11 Pro,iOS,17.3.2001
Apple,iPhone 11 Pro,iOS,16.1.2001
Apple,iPhone 11 Pro,iOS,17.2.2001
Apple,iPhone 11 Pro,iOS,18.1
Apple,iPhone 11 Pro,iOS,18.1.2001
Apple,iPhone 11 Pro,iOS,16.1.2002
Apple,iPhone 11 Pro,iOS,17.7.2001
Apple,iPhone 11 Pro,iOS,17.4.2001
Apple,iPhone 11 Pro,iOS,18
Apple,iPhone 11 Pro,iOS,18.3.2002
Apple,iPhone 11 Pro,iOS,18.2.2001
Apple,iPhone 11 Pro,iOS,18.3.2001
Apple,iPhone 11 Pro,iOS,16
Apple,iPhone 11 Pro,iOS,17.4
Apple,iPhone 11 Pro,iOS,16.2
Apple,iPhone 11 Pro,iOS,17.6
Apple,iPhone 11 Pro,iOS,16.6
Apple,iPhone 11 Pro,iOS,15.6.2001
Apple,iPhone 11 Pro,iOS,18.4
Apple,iPhone 11 Pro,iOS,16.6.2001
Apple,iPhone 11 Pro,iOS,15.2
Apple,iPhone 11 Pro,iOS,18.4.2001
Apple,iPhone 11 Pro,iOS,17.1.2001
Apple,iPhone 11 Pro,iOS,17.5.2001
Apple,iPhone 11 Pro,iOS,16.1
Apple,iPhone 11 Pro,iOS,17.1.2002
Apple,iPhone 11 Pro,iOS,16.3.2001
Apple,iPhone 11 Pro,iOS,16.3
Apple,iPhone 11 Pro,iOS,18.0.1
Apple,iPhone 11 Pro,iOS,15.1
Apple,iPhone 11 Pro,iOS,18.2
Apple,iPhone 11 Pro,iOS,18.3
Apple,iPhone 11 Pro,iOS,17.3
Apple,iPhone 11 Pro,iOS,15.5
Apple,iPhone 11 Pro,iOS,14.8.2001
Apple,iPhone 11 Pro,iOS,16.5.2001
Apple,iPhone 11 Pro,iOS,17.7
Apple,iPhone 11 Pro Max,iOS,17.7
Apple,iPhone 11 Pro Max,iOS,17.4
Apple,iPhone 11 Pro Max,iOS,15.5
Apple,iPhone 11 Pro Max,iOS,16.5.2001
Apple,iPhone 11 Pro Max,iOS,18.3
Apple,iPhone 11 Pro Max,iOS,15.6
Apple,iPhone 11 Pro Max,iOS,15.7
Apple,iPhone 11 Pro Max,iOS,17.1
Apple,iPhone 11 Pro Max,iOS,18.1.2001
Apple,iPhone 11 Pro Max,iOS,18.1
Apple,iPhone 11 Pro Max,iOS,16.2
Apple,iPhone 11 Pro Max,iOS,16
Apple,iPhone 11 Pro Max,iOS,16.5
Apple,iPhone 11 Pro Max,iOS,17.6
Apple,iPhone 11 Pro Max,iOS,16.1.2001
Apple,iPhone 11 Pro Max,iOS,17.5
Apple,iPhone 11 Pro Max,iOS,17.1.2002
Apple,iPhone 11 Pro Max,iOS,17.4.2001
Apple,iPhone 11 Pro Max,iOS,18.3.2002
Apple,iPhone 11 Pro Max,iOS,16.1.2002
Apple,iPhone 11 Pro Max,iOS,17.2.2001
Apple,iPhone 11 Pro Max,iOS,16.3
Apple,iPhone 11 Pro Max,iOS,18.3.2001
Apple,iPhone 11 Pro Max,iOS,16.6
Apple,iPhone 11 Pro Max,iOS,18
Apple,iPhone 11 Pro Max,iOS,17.6.2001
Apple,iPhone 11 Pro Max,iOS,18.2
Apple,iPhone 11 Pro Max,iOS,17.5.2001
Apple,iPhone 11 Pro Max,iOS,18.0.1
Apple,iPhone 11 Pro Max,iOS,18.2.2001
Apple,iPhone 11 Pro Max,iOS,17.3.2001
Apple,iPhone 11 Pro Max,iOS,16.3.2001
Apple,iPhone 11 Pro Max,iOS,16.6.2001
Apple,iPhone 11 Pro Max,iOS,18.4.2001
Apple,iPhone 12,iOS,17.1.2002
Apple,iPhone 12,iOS,16
Apple,iPhone 12,iOS,15.6.2001
Apple,iPhone 12,iOS,16.7
Apple,iPhone 12,iOS,15.7
Apple,iPhone 12,iOS,18.1
Apple,iPhone 12,iOS,18.4
Apple,iPhone 12,iOS,16.3
Apple,iPhone 12,iOS,17.6
Apple,iPhone 12,iOS,18.2
Apple,iPhone 12,iOS,17.3.2001
Apple,iPhone 12,iOS,17.0.3
Apple,iPhone 12,iOS,17.6.2001
Apple,iPhone 12,iOS,15.5
Apple,iPhone 12,iOS,16.3.2001
Apple,iPhone 12,iOS,16.0.2
Apple,iPhone 12,iOS,18
Apple,iPhone 12,iOS,18.3.2002
Apple,iPhone 12,iOS,17.7.2001
Apple,iPhone 12,iOS,17.3
Apple,iPhone 12,iOS,17.5
Apple,iPhone 12,iOS,18.2.2001
Apple,iPhone 12,iOS,16.1.2001
Apple,iPhone 12,iOS,17.1.2001
Apple,iPhone 12,iOS,18.0.1
Apple,iPhone 12,iOS,18.3.2001
Apple,iPhone 12,iOS,15.2
Apple,iPhone 12,iOS,17.2.2001
Apple,iPhone 12,iOS,16.2
Apple,iPhone 12,iOS,16.1.2002
Apple,iPhone 12,iOS,18.3
Apple,iPhone 12,iOS,16.0.3
Apple,iPhone 12,iOS,16.4.2001
Apple,iPhone 12,iOS,17.4
Apple,iPhone 12,iOS,16.6.2001
Apple,iPhone 12,iOS,14.2.2001
Apple,iPhone 12,iOS,18.1.2001
Apple,iPhone 12,iOS,17.5.2001
Apple,iPhone 12,iOS,17.2
Apple,iPhone 12,iOS,15.6
Apple,iPhone 12,iOS,17.7.2002
Apple,iPhone 12,iOS,15.1
Apple,iPhone 12,iOS,16.6
Apple,iPhone 12,iOS,17.0.2
Apple,iPhone 12,iOS,17.7
Apple,iPhone 12,iOS,16.5.2001
Apple,iPhone 12,iOS,16.1
Apple,iPhone 12,iOS,16.7.2002
Apple,iPhone 12,iOS,17.0.1
Apple,iPhone 12,iOS,17.4.2001
Apple,iPhone 12,iOS,18.4.2001
Apple,iPhone 12,iOS,16.5
Apple,iPhone 12,iOS,15.1.2001
Apple,iPhone 12 Pro,iOS,16.4.2001
Apple,iPhone 12 Pro,iOS,17.6
Apple,iPhone 12 Pro,iOS,17.2.2001
Apple,iPhone 12 Pro,iOS,18.2
Apple,iPhone 12 Pro,iOS,16.0.3
Apple,iPhone 12 Pro,iOS,16.6.2001
Apple,iPhone 12 Pro,iOS,18.4
Apple,iPhone 12 Pro,iOS,17.5
Apple,iPhone 12 Pro,iOS,17.4.2001
Apple,iPhone 12 Pro,iOS,17.3.2001
Apple,iPhone 12 Pro,iOS,18.2.2001
Apple,iPhone 12 Pro,iOS,16.1.2001
Apple,iPhone 12 Pro,iOS,18.3.2001
Apple,iPhone 12 Pro,iOS,17.2
Apple,iPhone 12 Pro,iOS,16.3.2001
Apple,iPhone 12 Pro,iOS,16.6
Apple,iPhone 12 Pro,iOS,18.1.2001
Apple,iPhone 12 Pro,iOS,17.7.2002
Apple,iPhone 12 Pro,iOS,18.3
Apple,iPhone 12 Pro,iOS,17.6.2001
Apple,iPhone 12 Pro,iOS,15.6.2001
Apple,iPhone 12 Pro,iOS,17.5.2001
Apple,iPhone 12 Pro,iOS,17.4
Apple,iPhone 12 Pro,iOS,18.1
Apple,iPhone 12 Pro,iOS,16
Apple,iPhone 12 Pro,iOS,18.4.2001
Apple,iPhone 12 Pro,iOS,17.7
Apple,iPhone 12 Pro,iOS,16.1
Apple,iPhone 12 Pro,iOS,18.0.1
Apple,iPhone 12 Pro,iOS,16.2
Apple,iPhone 12 Pro,iOS,16.1.2002
Apple,iPhone 12 Pro,iOS,17.0.2
Apple,iPhone 12 Pro,iOS,18.3.2002
Apple,iPhone 12 Pro,iOS,17.0.3
Apple,iPhone 12 Pro,iOS,17.3
Apple,iPhone 12 Pro,iOS,17.1.2002
Apple,iPhone 12 Pro,iOS,18
Apple,iPhone 12 Pro Max,iOS,18.4.2001
Apple,iPhone 12 Pro Max,iOS,18.2.2001
Apple,iPhone 12 Pro Max,iOS,15.4.2001
Apple,iPhone 12 Pro Max,iOS,17.6.2001
Apple,iPhone 12 Pro Max,iOS,16.1.2002
Apple,iPhone 12 Pro Max,iOS,17.1.2001
Apple,iPhone 12 Pro Max,iOS,18
Apple,iPhone 12 Pro Max,iOS,17.5.2001
Apple,iPhone 12 Pro Max,iOS,18.0.1
Apple,iPhone 12 Pro Max,iOS,16.5
Apple,iPhone 12 Pro Max,iOS,17.6
Apple,iPhone 12 Pro Max,iOS,17.2.2001
Apple,iPhone 12 Pro Max,iOS,18.3
Apple,iPhone 12 Pro Max,iOS,18.1.2001
Apple,iPhone 12 Pro Max,iOS,16.1.2001
Apple,iPhone 12 Pro Max,iOS,17.7
Apple,iPhone 12 Pro Max,iOS,16.6.2001
Apple,iPhone 12 Pro Max,iOS,15.6.2001
Apple,iPhone 12 Pro Max,iOS,16.6
Apple,iPhone 12 Pro Max,iOS,16.0.2
Apple,iPhone 12 Pro Max,iOS,18.2
Apple,iPhone 12 Pro Max,iOS,17.4.2001
Apple,iPhone 12 Pro Max,iOS,16.7.2002
Apple,iPhone 12 Pro Max,iOS,16.2
Apple,iPhone 12 Pro Max,iOS,18.3.2002
Apple,iPhone 12 Pro Max,iOS,18.4
Apple,iPhone 12 Pro Max,iOS,18.3.2001
Apple,iPhone 12 Pro Max,iOS,17.1.2002
Apple,iPhone 12 Pro Max,iOS,16.5.2001
Apple,iPhone 12 Pro Max,iOS,16.0.3
Apple,iPhone 12 Pro Max,iOS,17.3.2001
Apple,iPhone 12 Pro Max,iOS,18.1
Apple,iPhone 12 Pro Max,iOS,16
Apple,iPhone 12 Pro Max,iOS,17.7.2002
Apple,iPhone 12 Pro Max,iOS,17.4
Apple,iPhone 12 Pro Max,iOS,16.3.2001
Apple,iPhone 12 mini,iOS,17.7.2001
Apple,iPhone 12 mini,iOS,16.1.2001
Apple,iPhone 12 mini,iOS,16.7
Apple,iPhone 12 mini,iOS,16.3.2001
Apple,iPhone 12 mini,iOS,18.2.2001
Apple,iPhone 12 mini,iOS,17.4
Apple,iPhone 12 mini,iOS,18.3.2002
Apple,iPhone 12 mini,iOS,18.1.2001
Apple,iPhone 12 mini,iOS,17.5.2001
Apple,iPhone 12 mini,iOS,17.4.2001
Apple,iPhone 12 mini,iOS,18.3
Apple,iPhone 12 mini,iOS,17.6
Apple,iPhone 12 mini,iOS,16.6
Apple,iPhone 12 mini,iOS,15.6.2001
Apple,iPhone 12 mini,iOS,16.1.2002
Apple,iPhone 12 mini,iOS,18.2
Apple,iPhone 12 mini,iOS,16.0.2
Apple,iPhone 12 mini,iOS,17.3.2001
Apple,iPhone 12 mini,iOS,17
Apple,iPhone 12 mini,iOS,18.4.2001
Apple,iPhone 12 mini,iOS,18.1
Apple,iPhone 12 mini,iOS,17.1.2001
Apple,iPhone 12 mini,iOS,17.1.2002
Apple,iPhone 12 mini,iOS,18.3.2001
Apple,iPhone 12 mini,iOS,17.7
Apple,iPhone 12 mini,iOS,16.4.2001
Apple,iPhone 12 mini,iOS,15.5
Apple,iPhone 12 mini,iOS,18.0.1
Apple,iPhone 12 mini,iOS,17.6.2001
Apple,iPhone 12 mini,iOS,17.2.2001
Apple,iPhone 12 mini,iOS,18
Apple,iPhone 13,iOS,17.6.2001
Apple,iPhone 13,iOS,18.0.1
Apple,iPhone 13,iOS,17.5
Apple,iPhone 13,iOS,17.7.2001
Apple,iPhone 13,iOS,17.5.2001
Apple,iPhone 13,iOS,16.7
Apple,iPhone 13,iOS,15.2
Apple,iPhone 13,iOS,17.6
Apple,iPhone 13,iOS,16.4.2001
Apple,iPhone 13,iOS,15.5
Apple,iPhone 13,iOS,18
Apple,iPhone 13,iOS,16.5.2001
Apple,iPhone 13,iOS,16.1
Apple,iPhone 13,iOS,16.2
Apple,iPhone 13,iOS,18.2
Apple,iPhone 13,iOS,15.6.2001
Apple,iPhone 13,iOS,17.1.2001
Apple,iPhone 13,iOS,17.0.2
Apple,iPhone 13,iOS,15.4.2001
Apple,iPhone 13,iOS,16.0.2
Apple,iPhone 13,iOS,15.6
Apple,iPhone 13,iOS,18.1
Apple,iPhone 13,iOS,15.4
Apple,iPhone 13,iOS,18.3
Apple,iPhone 13,iOS,17.3.2001
Apple,iPhone 13,iOS,18.5
Apple,iPhone 13,iOS,18.3.2002
Apple,iPhone 13,iOS,17.4
Apple,iPhone 13,iOS,16.6.2001
Apple,iPhone 13,iOS,17.2
Apple,iPhone 13,iOS,18.4.2001
Apple,iPhone 13,iOS,17.7.2002
Apple,iPhone 13,iOS,16.3
Apple,iPhone 13,iOS,18.4
Apple,iPhone 13,iOS,16.1.2002
Apple,iPhone 13,iOS,17.3
Apple,iPhone 13,iOS,16.3.2001
Apple,iPhone 13,iOS,16.7.2002
Apple,iPhone 13,iOS,16.0.3
Apple,iPhone 13,iOS,17.7
Apple,iPhone 13,iOS,16.6
Apple,iPhone 13,iOS,16.5
Apple,iPhone 13,iOS,17
Apple,iPhone 13,iOS,17.4.2001
Apple,iPhone 13,iOS,17.0.1
Apple,iPhone 13,iOS,17.1.2002
Apple,iPhone 13,iOS,17.2.2001
Apple,iPhone 13,iOS,18.2.2001
Apple,iPhone 13,iOS,16.7.2001
Apple,iPhone 13,iOS,17.0.3
Apple,iPhone 13,iOS,16.1.2001
Apple,iPhone 13,iOS,18.3.2001
Apple,iPhone 13,iOS,16
Apple,iPhone 13,iOS,15.1.2001
Apple,iPhone 13,iOS,18.1.2001
Apple,iPhone 13 Pro,iOS,18.1
Apple,iPhone 13 Pro,iOS,17.7.2001
Apple,iPhone 13 Pro,iOS,17.3.2001
Apple,iPhone 13 Pro,iOS,16.6.2001
Apple,iPhone 13 Pro,iOS,18.2.2001
Apple,iPhone 13 Pro,iOS,17.7.2002
Apple,iPhone 13 Pro,iOS,17.4.2001
Apple,iPhone 13 Pro,iOS,17.1
Apple,iPhone 13 Pro,iOS,16.0.2
Apple,iPhone 13 Pro,iOS,17.4
Apple,iPhone 13 Pro,iOS,16.1
Apple,iPhone 13 Pro,iOS,16.1.2002
Apple,iPhone 13 Pro,iOS,17.6
Apple,iPhone 13 Pro,iOS,18.3.2002
Apple,iPhone 13 Pro,iOS,17.0.1
Apple,iPhone 13 Pro,iOS,17.2.2001
Apple,iPhone 13 Pro,iOS,16.7.2002
Apple,iPhone 13 Pro,iOS,16
Apple,iPhone 13 Pro,iOS,17.0.2
Apple,iPhone 13 Pro,iOS,17.5.2001
Apple,iPhone 13 Pro,iOS,16.1.2001
Apple,iPhone 13 Pro,iOS,15.5
Apple,iPhone 13 Pro,iOS,16.2
Apple,iPhone 13 Pro,iOS,17.1.2002
Apple,iPhone 13 Pro,iOS,16.3.2001
Apple,iPhone 13 Pro,iOS,18.5
Apple,iPhone 13 Pro,iOS,18.0.1
Apple,iPhone 13 Pro,iOS,18.4
Apple,iPhone 13 Pro,iOS,18.3.2001
Apple,iPhone 13 Pro,iOS,17.7
Apple,iPhone 13 Pro,iOS,17.3
Apple,iPhone 13 Pro,iOS,18
Apple,iPhone 13 Pro,iOS,18.1.2001
Apple,iPhone 13 Pro,iOS,16.6
Apple,iPhone 13 Pro,iOS,17.5
Apple,iPhone 13 Pro,iOS,17.1.2001
Apple,iPhone 13 Pro,iOS,18.3
Apple,iPhone 13 Pro,iOS,18.2
Apple,iPhone 13 Pro,iOS,18.4.2001
Apple,iPhone 13 Pro,iOS,17.6.2001
Apple,iPhone 13 Pro Max,iOS,15.5
Apple,iPhone 13 Pro Max,iOS,18.2.2001
Apple,iPhone 13 Pro Max,iOS,17.0.3
Apple,iPhone 13 Pro Max,iOS,16
Apple,iPhone 13 Pro Max,iOS,16.6
Apple,iPhone 13 Pro Max,iOS,17.6
Apple,iPhone 13 Pro Max,iOS,17.1.2002
Apple,iPhone 13 Pro Max,iOS,17.2
Apple,iPhone 13 Pro Max,iOS,18.3
Apple,iPhone 13 Pro Max,iOS,17.1
Apple,iPhone 13 Pro Max,iOS,18.0.1
Apple,iPhone 13 Pro Max,iOS,16.7.2001
Apple,iPhone 13 Pro Max,iOS,17.4
Apple,iPhone 13 Pro Max,iOS,18
Apple,iPhone 13 Pro Max,iOS,17.7.2001
Apple,iPhone 13 Pro Max,iOS,16.3.2001
Apple,iPhone 13 Pro Max,iOS,17.5
Apple,iPhone 13 Pro Max,iOS,17.7
Apple,iPhone 13 Pro Max,iOS,18.1.2001
Apple,iPhone 13 Pro Max,iOS,15.6.2001
Apple,iPhone 13 Pro Max,iOS,17.4.2001
Apple,iPhone 13 Pro Max,iOS,16.6.2001
Apple,iPhone 13 Pro Max,iOS,18.3.2002
Apple,iPhone 13 Pro Max,iOS,18.4
Apple,iPhone 13 Pro Max,iOS,16.1.2002
Apple,iPhone 13 Pro Max,iOS,17.2.2001
Apple,iPhone 13 Pro Max,iOS,16.1.2001
Apple,iPhone 13 Pro Max,iOS,17.6.2001
Apple,iPhone 13 Pro Max,iOS,18.1
Apple,iPhone 13 Pro Max,iOS,17.3.2001
Apple,iPhone 13 Pro Max,iOS,16.3
Apple,iPhone 13 Pro Max,iOS,18.2
Apple,iPhone 13 Pro Max,iOS,16.2
Apple,iPhone 13 Pro Max,iOS,17.5.2001
Apple,iPhone 13 Pro Max,iOS,18.4.2001
Apple,iPhone 13 Pro Max,iOS,16.1
Apple,iPhone 13 Pro Max,iOS,17.7.2002
Apple,iPhone 13 Pro Max,iOS,18.3.2001
Apple,iPhone 13 Pro Max,iOS,16.0.3
Apple,iPhone 13 mini,iOS,16.5.2001
Apple,iPhone 13 mini,iOS,17.5
Apple,iPhone 13 mini,iOS,16.1.2002
Apple,iPhone 13 mini,iOS,17.4.2001
Apple,iPhone 13 mini,iOS,18.3.2002
Apple,iPhone 13 mini,iOS,18.2
Apple,iPhone 13 mini,iOS,18.3
Apple,iPhone 13 mini,iOS,16.2
Apple,iPhone 13 mini,iOS,16.6
Apple,iPhone 13 mini,iOS,18.3.2001
Apple,iPhone 13 mini,iOS,16.3
Apple,iPhone 13 mini,iOS,17.5.2001
Apple,iPhone 13 mini,iOS,17.4
Apple,iPhone 13 mini,iOS,16.6.2001
Apple,iPhone 13 mini,iOS,16.3.2001
Apple,iPhone 13 mini,iOS,17.3.2001
Apple,iPhone 13 mini,iOS,18.0.1
Apple,iPhone 13 mini,iOS,18.2.2001
Apple,iPhone 13 mini,iOS,16.1.2001
Apple,iPhone 13 mini,iOS,18.1.2001
Apple,iPhone 13 mini,iOS,18
Apple,iPhone 13 mini,iOS,18.1
Apple,iPhone 13 mini,iOS,17.6.2001
Apple,iPhone 13 mini,iOS,18.4.2001
Apple,iPhone 13 mini,iOS,17.7
Apple,iPhone 13 mini,iOS,17.7.2001
Apple,iPhone 13 mini,iOS,17.2.2001
Apple,iPhone 13 mini,iOS,16.1
Apple,iPhone 13 mini,iOS,18.4
Apple,iPhone 13 mini,iOS,17.6
Apple,iPhone 13 mini,iOS,16.0.3
Apple,iPhone 13 mini,iOS,16
Apple,iPhone 13 mini,iOS,16.0.2
Apple,iPhone 14,iOS,18.1.2001
Apple,iPhone 14,iOS,18.4.2001
Apple,iPhone 14,iOS,17.2.2001
Apple,iPhone 14,iOS,17.1.2002
Apple,iPhone 14,iOS,17.4.2001
Apple,iPhone 14,iOS,18.3
Apple,iPhone 14,iOS,18.4
Apple,iPhone 14,iOS,17.6.2001
Apple,iPhone 14,iOS,18
Apple,iPhone 14,iOS,16.6
Apple,iPhone 14,iOS,18.3.2002
Apple,iPhone 14,iOS,16.0.2
Apple,iPhone 14,iOS,17.5.2001
Apple,iPhone 14,iOS,18.3.2001
Apple,iPhone 14,iOS,18.2
Apple,iPhone 14,iOS,16.1
Apple,iPhone 14,iOS,16.5.2001
Apple,iPhone 14,iOS,18.2.2001
Apple,iPhone 14,iOS,18.1
Apple,iPhone 14,iOS,18.0.1
Apple,iPhone 14 Plus,iOS,18.2
Apple,iPhone 14 Plus,iOS,18.3.2001
Apple,iPhone 14 Plus,iOS,18.4.2001
Apple,iPhone 14 Plus,iOS,18
Apple,iPhone 14 Plus,iOS,18.3.2002
Apple,iPhone 14 Plus,iOS,18.4
Apple,iPhone 14 Plus,iOS,17.5.2001
Apple,iPhone 14 Plus,iOS,18.2.2001
Apple,iPhone 14 Plus,iOS,17.6.2001
Apple,iPhone 14 Plus,iOS,18.0.1
Apple,iPhone 14 Plus,iOS,18.1.2001
Apple,iPhone 14 Pro,iOS,17.1
Apple,iPhone 14 Pro,iOS,18
Apple,iPhone 14 Pro,iOS,18.0.1
Apple,iPhone 14 Pro,iOS,17.6.2001
Apple,iPhone 14 Pro,iOS,18.2.2001
Apple,iPhone 14 Pro,iOS,18.5
Apple,iPhone 14 Pro,iOS,18.3.2001
Apple,iPhone 14 Pro,iOS,18.3.2002
Apple,iPhone 14 Pro,iOS,18.1
Apple,iPhone 14 Pro,iOS,18.4.2001
Apple,iPhone 14 Pro,iOS,16.6.2001
Apple,iPhone 14 Pro,iOS,17.5.2001
Apple,iPhone 14 Pro,iOS,16.5.2001
Apple,iPhone 14 Pro,iOS,18.4
Apple,iPhone 14 Pro,iOS,17.7
Apple,iPhone 14 Pro,iOS,18.2
Apple,iPhone 14 Pro,iOS,17.4.2001
Apple,iPhone 14 Pro,iOS,16.2
Apple,iPhone 14 Pro,iOS,18.3
Apple,iPhone 14 Pro,iOS,18.1.2001
Apple,iPhone 14 Pro Max,iOS,18.3.2001
Apple,iPhone 14 Pro Max,iOS,18
Apple,iPhone 14 Pro Max,iOS,17.6.2001
Apple,iPhone 14 Pro Max,iOS,18.4
Apple,iPhone 14 Pro Max,iOS,18.3.2002
Apple,iPhone 14 Pro Max,iOS,18.1
Apple,iPhone 14 Pro Max,iOS,18.3
Apple,iPhone 14 Pro Max,iOS,16.4.2001
Apple,iPhone 14 Pro Max,iOS,18.2
Apple,iPhone 14 Pro Max,iOS,16.5
Apple,iPhone 14 Pro Max,iOS,17.7.2002
Apple,iPhone 14 Pro Max,iOS,17.0.1
Apple,iPhone 14 Pro Max,iOS,18.0.1
Apple,iPhone 14 Pro Max,iOS,18.2.2001
Apple,iPhone 14 Pro Max,iOS,18.1.2001
Apple,iPhone 14 Pro Max,iOS,17.5.2001
Apple,iPhone 14 Pro Max,iOS,18.4.2001
Apple,iPhone 15,iOS,17.6
Apple,iPhone 15,iOS,18.3.2001
Apple,iPhone 15,iOS,18.1
Apple,iPhone 15,iOS,18.1.2001
Apple,iPhone 15,iOS,18.2.2001
Apple,iPhone 15,iOS,18.0.1
Apple,iPhone 15,iOS,18.2
Apple,iPhone 15,iOS,17.5.2001
Apple,iPhone 15,iOS,18.3.2002
Apple,iPhone 15,iOS,18.4.2001
Apple,iPhone 15,iOS,18
Apple,iPhone 15,iOS,18.4
Apple,iPhone 15,iOS,18.3
Apple,iPhone 15,iOS,17.6.2001
Apple,iPhone 15,iOS,17.3.2001
Apple,iPhone 15 Plus,iOS,17.6.2001
Apple,iPhone 15 Plus,iOS,18.3.2001
Apple,iPhone 15 Plus,iOS,18.2.2001
Apple,iPhone 15 Plus,iOS,18.3.2002
Apple,iPhone 15 Plus,iOS,18.1
Apple,iPhone 15 Plus,iOS,18.4.2001
Apple,iPhone 15 Plus,iOS,18.1.2001
Apple,iPhone 15 Plus,iOS,18.0.1
Apple,iPhone 15 Pro,iOS,18.5
Apple,iPhone 15 Pro,iOS,18.2.2001
Apple,iPhone 15 Pro,iOS,18.4
Apple,iPhone 15 Pro,iOS,17.7
Apple,iPhone 15 Pro,iOS,18.3
Apple,iPhone 15 Pro,iOS,18.0.1
Apple,iPhone 15 Pro,iOS,17.6.2001
Apple,iPhone 15 Pro,iOS,18.3.2001
Apple,iPhone 15 Pro,iOS,18.1
Apple,iPhone 15 Pro,iOS,18.4.2001
Apple,iPhone 15 Pro,iOS,18
Apple,iPhone 15 Pro,iOS,17.5.2001
Apple,iPhone 15 Pro,iOS,18.2
Apple,iPhone 15 Pro,iOS,18.1.2001
Apple,iPhone 15 Pro,iOS,18.3.2002
Apple,iPhone 15 Pro Max,iOS,18.1.2001
Apple,iPhone 15 Pro Max,iOS,18.4
Apple,iPhone 15 Pro Max,iOS,18.2
Apple,iPhone 15 Pro Max,iOS,18.3.2001
Apple,iPhone 15 Pro Max,iOS,18.0.1
Apple,iPhone 15 Pro Max,iOS,17.7
Apple,iPhone 15 Pro Max,iOS,18.1
Apple,iPhone 15 Pro Max,iOS,18.3
Apple,iPhone 15 Pro Max,iOS,17.6.2001
Apple,iPhone 15 Pro Max,iOS,17.6
Apple,iPhone 15 Pro Max,iOS,18.3.2002
Apple,iPhone 15 Pro Max,iOS,18.5
Apple,iPhone 15 Pro Max,iOS,18
Apple,iPhone 15 Pro Max,iOS,18.4.2001
Apple,iPhone 15 Pro Max,iOS,18.2.2001
Apple,iPhone 16,iOS,18.1
Apple,iPhone 16,iOS,18
Apple,iPhone 16,iOS,18.2
Apple,iPhone 16,iOS,18.0.1
Apple,iPhone 16,iOS,18.4.2001
Apple,iPhone 16,iOS,18.4
Apple,iPhone 16,iOS,18.3.2002
Apple,iPhone 16,iOS,18.3
Apple,iPhone 16,iOS,18.5
Apple,iPhone 16,iOS,18.2.2001
Apple,iPhone 16,iOS,18.1.2001
Apple,iPhone 16,iOS,18.3.2001
Apple,iPhone 16 Plus,iOS,18.4.2001
Apple,iPhone 16 Plus,iOS,18.4
Apple,iPhone 16 Plus,iOS,18.3.2002
Apple,iPhone 16 Plus,iOS,18.2
Apple,iPhone 16 Plus,iOS,18.3.2001
Apple,iPhone 16 Pro,iOS,18.0.1
Apple,iPhone 16 Pro,iOS,18.1.2001
Apple,iPhone 16 Pro,iOS,18.5
Apple,iPhone 16 Pro,iOS,18.2
Apple,iPhone 16 Pro,iOS,18.3
Apple,iPhone 16 Pro,iOS,18.4
Apple,iPhone 16 Pro,iOS,18.3.2001
Apple,iPhone 16 Pro,iOS,18.2.2001
Apple,iPhone 16 Pro,iOS,18.4.2001
Apple,iPhone 16 Pro,iOS,18.3.2002
Apple,iPhone 16 Pro,iOS,18.1
Apple,iPhone 16 Pro Max,iOS,18.0.1
Apple,iPhone 16 Pro Max,iOS,18.2
Apple,iPhone 16 Pro Max,iOS,18.4
Apple,iPhone 16 Pro Max,iOS,18.1.2001
Apple,iPhone 16 Pro Max,iOS,18.1
Apple,iPhone 16 Pro Max,iOS,18.2.2001
Apple,iPhone 16 Pro Max,iOS,18.3.2001
Apple,iPhone 16 Pro Max,iOS,18.4.2001
Apple,iPhone 16 Pro Max,iOS,18.3
Apple,iPhone 16 Pro Max,iOS,18.3.2002
Apple,iPhone 16 Pro Max,iOS,18.5
Apple,iPhone 6s,iOS,15.8.2002
Apple,iPhone 6s,iOS,15.8.2003
Apple,iPhone 6s,iOS,15.6.2001
Apple,iPhone 6s,iOS,15.7.2003
Apple,iPhone 6s,iOS,15.8
Apple,iPhone 6s,iOS,14.4.2001
Apple,iPhone 6s,iOS,15.3
Apple,iPhone 6s,iOS,15.7.2006
Apple,iPhone 6s,iOS,15.7.2009
Apple,iPhone 6s,iOS,15.7.2008
Apple,iPhone 6s,iOS,15.8.2001
Apple,iPhone 6s Plus,iOS,15.7.2007
Apple,iPhone 6s Plus,iOS,15.8.2002
Apple,iPhone 6s Plus,iOS,15.7.2006
Apple,iPhone 6s Plus,iOS,15.8.2003
Apple,iPhone 7,iOS,15.8.2002
Apple,iPhone 7,iOS,15.8.2001
Apple,iPhone 7,iOS,15.8.2003
Apple,iPhone 7,iOS,15.2
Apple,iPhone 7,iOS,15.8
Apple,iPhone 7,iOS,15.7.2005
Apple,iPhone 7,iOS,15.1
Apple,iPhone 7,iOS,15.0.2
Apple,iPhone 7,iOS,15.7.2001
Apple,iPhone 7 Plus,iOS,15.8.2003
Apple,iPhone 7 Plus,iOS,15.8.2001
Apple,iPhone 7 Plus,iOS,15.7.2009
Apple,iPhone 7 Plus,iOS,15.8.2002
Apple,iPhone 7 Plus,iOS,15.7.2008
Apple,iPhone 7 Plus,iOS,15.5
Apple,iPhone 7 Plus,iOS,15.8
Apple,iPhone 7 Plus,iOS,15.7.2002
Apple,iPhone 8,iOS,16.7.10
Apple,iPhone 8,iOS,16.1.2001
Apple,iPhone 8,iOS,15.5
Apple,iPhone 8,iOS,14.4.2002
Apple,iPhone 8,iOS,16.7.2001
Apple,iPhone 8,iOS,15.3.2001
Apple,iPhone 8,iOS,16.7.2007
Apple,iPhone 8,iOS,16.7.2005
Apple,iPhone 8,iOS,15.7.2002
Apple,iPhone 8,iOS,16.5
Apple,iPhone 8,iOS,16
Apple,iPhone 8,iOS,16.3
Apple,iPhone 8,iOS,16.7.2002
Apple,iPhone 8,iOS,15.4
Apple,iPhone 8,iOS,15.6.2001
Apple,iPhone 8,iOS,16.1.2002
Apple,iPhone 8,iOS,16.7.2004
Apple,iPhone 8,iOS,16.7.2008
Apple,iPhone 8,iOS,16.3.2001
Apple,iPhone 8,iOS,16.7.11
Apple,iPhone 8 Plus,iOS,16.5
Apple,iPhone 8 Plus,iOS,16.3
Apple,iPhone 8 Plus,iOS,16.1.2001
Apple,iPhone 8 Plus,iOS,16.7.2004
Apple,iPhone 8 Plus,iOS,15.6
Apple,iPhone 8 Plus,iOS,16.3.2001
Apple,iPhone 8 Plus,iOS,16.7.10
Apple,iPhone 8 Plus,iOS,16.7.2007
Apple,iPhone 8 Plus,iOS,16.7.2009
Apple,iPhone 8 Plus,iOS,16.7.2002
Apple,iPhone 8 Plus,iOS,16.5.2001
Apple,iPhone 8 Plus,iOS,15.6.2001
Apple,iPhone 8 Plus,iOS,16.7.2008
Apple,iPhone 8 Plus,iOS,16.7.2005
Apple,iPhone 8 Plus,iOS,16.7.11
Apple,iPhone 8 Plus,iOS,16
Apple,iPhone SE,iOS,17.4
Apple,iPhone SE,iOS,17.3
Apple,iPhone SE,iOS,17.7.2002
Apple,iPhone SE,iOS,17.0.3
Apple,iPhone SE,iOS,15.3.2001
Apple,iPhone SE,iOS,17.7.2001
Apple,iPhone SE,iOS,17.6.2001
Apple,iPhone SE,iOS,16.3
Apple,iPhone SE,iOS,18.0.1
Apple,iPhone SE,iOS,15.8.2001
Apple,iPhone SE,iOS,16.7
Apple,iPhone SE,iOS,17.4.2001
Apple,iPhone SE,iOS,16.3.2001
Apple,iPhone SE,iOS,16.1.2002
Apple,iPhone SE,iOS,16.1.2001
Apple,iPhone SE,iOS,15.6.2001
Apple,iPhone SE,iOS,16.1
Apple,iPhone SE,iOS,15.8
Apple,iPhone SE,iOS,18.1.2001
Apple,iPhone SE,iOS,16.6
Apple,iPhone SE,iOS,18
Apple,iPhone SE,iOS,17.5.2001
Apple,iPhone SE,iOS,18.2.2001
Apple,iPhone SE,iOS,17.1.2002
Apple,iPhone SE,iOS,15
Apple,iPhone SE,iOS,18.4.2001
Apple,iPhone SE,iOS,16.6.2001
Apple,iPhone SE,iOS,18.2
Apple,iPhone SE,iOS,18.3.2002
Apple,iPhone SE,iOS,17.2.2001
Apple,iPhone SE,iOS,17.3.2001
Apple,iPhone SE,iOS,18.3
Apple,iPhone SE,iOS,15.8.2003
Apple,iPhone SE,iOS,15.4
Apple,iPhone SE,iOS,15.8.2002
Apple,iPhone SE,iOS,15.6
Apple,iPhone SE,iOS,16
Apple,iPhone SE,iOS,16.7.2001
Apple,iPhone SE,iOS,17.6
Apple,iPhone SE,iOS,15.7.2003
Apple,iPhone SE,iOS,16.2
Apple,iPhone SE,iOS,18.3.2001
Apple,iPhone SE,iOS,18.1
Apple,iPhone X,iOS,16.7.10
Apple,iPhone X,iOS,16.7.2005
Apple,iPhone X,iOS,15.6.2001
Apple,iPhone X,iOS,16
Apple,iPhone X,iOS,16.7.11
Apple,iPhone X,iOS,16.5.2001
Apple,iPhone X,iOS,16.7.2008
Apple,iPhone X,iOS,16.7.2004
Apple,iPhone X,iOS,16.7.2007
Apple,iPhone X,iOS,16.1.2001
Apple,iPhone X,iOS,16.2
Apple,iPhone X,iOS,16.0.2
Apple,iPhone XR,iOS,17.5
Apple,iPhone XR,iOS,17.2
Apple,iPhone XR,iOS,16.2
Apple,iPhone XR,iOS,18.3.2002
Apple,iPhone XR,iOS,15.3.2001
Apple,iPhone XR,iOS,17.7.2002
Apple,iPhone XR,iOS,18.0.1
Apple,iPhone XR,iOS,16.6.2001
Apple,iPhone XR,iOS,15.6.2001
Apple,iPhone XR,iOS,16.0.3
Apple,iPhone XR,iOS,17.0.2
Apple,iPhone XR,iOS,16.4.2001
Apple,iPhone XR,iOS,16
Apple,iPhone XR,iOS,15.6
Apple,iPhone XR,iOS,17.6.2001
Apple,iPhone XR,iOS,17.3.2001
Apple,iPhone XR,iOS,17.4.2001
Apple,iPhone XR,iOS,17.5.2001
Apple,iPhone XR,iOS,15.5
Apple,iPhone XR,iOS,17.0.3
Apple,iPhone XR,iOS,17.2.2001
Apple,iPhone XR,iOS,17.1.2002
Apple,iPhone XR,iOS,17.4
Apple,iPhone XR,iOS,16.1.2001
Apple,iPhone XR,iOS,16.1
Apple,iPhone XR,iOS,16.3.2001
Apple,iPhone XR,iOS,18.1
Apple,iPhone XR,iOS,18.4.2001
Apple,iPhone XR,iOS,14.4
Apple,iPhone XR,iOS,16.1.2002
Apple,iPhone XR,iOS,16.6
Apple,iPhone XR,iOS,14.8.2001
Apple,iPhone XR,iOS,18.1.2001
Apple,iPhone XR,iOS,18.3.2001
Apple,iPhone XR,iOS,18.3
Apple,iPhone XR,iOS,17.6
Apple,iPhone XR,iOS,15.0.2
Apple,iPhone XR,iOS,17.7
Apple,iPhone XR,iOS,17.7.2001
Apple,iPhone XR,iOS,16.3
Apple,iPhone XR,iOS,18
Apple,iPhone XR,iOS,18.2
Apple,iPhone XR,iOS,18.2.2001
Apple,iPhone XR,iOS,17.3
Apple,iPhone XR,iOS,17.1.2001
Apple,iPhone XR,iOS,16.0.2
Apple,iPhone XR,iOS,16.5
Apple,iPhone XS,iOS,17.7.2001
Apple,iPhone XS,iOS,18.2
Apple,iPhone XS,iOS,15.6
Apple,iPhone XS,iOS,18.3.2001
Apple,iPhone XS,iOS,16.4.2001
Apple,iPhone XS,iOS,16.3.2001
Apple,iPhone XS,iOS,15.2.2001
Apple,iPhone XS,iOS,18.1.2001
Apple,iPhone XS,iOS,17.4.2001
Apple,iPhone XS,iOS,17.3
Apple,iPhone XS,iOS,18
Apple,iPhone XS,iOS,15.2
Apple,iPhone XS,iOS,17.1.2001
Apple,iPhone XS,iOS,16.6
Apple,iPhone XS,iOS,16.0.2
Apple,iPhone XS,iOS,18.4
Apple,iPhone XS,iOS,17.6.2001
Apple,iPhone XS,iOS,18.0.1
Apple,iPhone XS,iOS,17.7.2002
Apple,iPhone XS,iOS,17.1.2002
Apple,iPhone XS,iOS,17.7
Apple,iPhone XS,iOS,16
Apple,iPhone XS,iOS,17.4
Apple,iPhone XS,iOS,16.5
Apple,iPhone XS,iOS,17.5.2001
Apple,iPhone XS,iOS,14.1
Apple,iPhone XS,iOS,15.6.2001
Apple,iPhone XS,iOS,16.2
Apple,iPhone XS,iOS,18.3
Apple,iPhone XS,iOS,18.3.2002
Apple,iPhone XS,iOS,16.0.3
Apple,iPhone XS,iOS,17.3.2001
Apple,iPhone XS,iOS,18.1
Apple,iPhone XS,iOS,16.1.2001
Apple,iPhone XS Max,iOS,16.6.2001
Apple,iPhone XS Max,iOS,17.3.2001
Apple,iPhone XS Max,iOS,18.2
Apple,iPhone XS Max,iOS,17.5.2001
Apple,iPhone XS Max,iOS,16.3.2001
Apple,iPhone XS Max,iOS,18
Apple,iPhone XS Max,iOS,16.5
Apple,iPhone XS Max,iOS,16.6
Apple,iPhone XS Max,iOS,17.2.2001
Apple,iPhone XS Max,iOS,14.8
Apple,iPhone XS Max,iOS,18.0.1
Apple,iPhone XS Max,iOS,16
Apple,iPhone XS Max,iOS,17.1.2001
Apple,iPhone XS Max,iOS,16.4.2001
Apple,iPhone XS Max,iOS,15.6.2001
Apple,iPhone XS Max,iOS,17.0.3
Apple,iPhone XS Max,iOS,17.7
Apple,iPhone XS Max,iOS,17.4
Apple,iPhone XS Max,iOS,17.1.2002
Apple,iPhone XS Max,iOS,18.3.2001
Apple,iPhone XS Max,iOS,17.4.2001
Apple,iPhone XS Max,iOS,18.4.2001
Apple,iPhone XS Max,iOS,15.7.2001
Apple,iPhone XS Max,iOS,16.2
Apple,iPhone XS Max,iOS,16.5.2001
Apple,iPhone XS Max,iOS,16.1.2001
Apple,iPhone XS Max,iOS,18.3.2002
Apple,iPhone XS Max,iOS,17.6.2001
Apple,iPhone XS Max,iOS,18.1.2001
Apple,iPhone XS Max,iOS,16.1.2002
BLU,C5 2019,Android,8.1.2000
BLU,G50,Android,10
BLU,G61,Android,10
BLU,G8,Android,9
Blackview,BL9000 Pro,Android,14
CUBOT,KINGKONG 9,Android,13
Cat,S62 Pro,Android,11
Coolpad,CP3503L,Android,10
Coolpad,CP3504L,Android,10
DOOGEE,S100,Android,12
DOOGEE,S110,Android,13
DOOGEE,S88Plus,Android,10
DOOGEE,S89Pro,Android,12
DOOGEE,S96Pro,Android,10
DOOGEE,S98,Android,12
DOOGEE,S99,Android,12
DOOGEE,V Max,Android,12
DOOGEE,V10,Android,11
DOOGEE,V20Pro,Android,12
FOSSiBOT,F101,Android,12
FreeYond,M5,Android,12
HONOR,ABR-LX3,Android,15
HONOR,AGM3-W09HN,Android,12
HONOR,ALI-NX1,Android,14
HONOR,ALI-NX3,Android,15
HONOR,ALI-NX3,Android,14
HONOR,ALI-NX3,Android,13
HONOR,ALT-LX3,Android,14
HONOR,ALT-NX3,Android,14
HONOR,ANY-LX3,Android,13
HONOR,ANY-LX3,Android,11
HONOR,BRC-NX1,Android,14
HONOR,BRP-NX3,Android,14
HONOR,BVL-N49,Android,15
HONOR,BVL-N49,Android,14
HONOR,CLK-LX3,Android,14
HONOR,CLK-LX3,Android,13
HONOR,CMA-LX3,Android,13
HONOR,CMA-LX3,Android,11
HONOR,CRT-LX3,Android,12
HONOR,CRT-LX3,Android,14
HONOR,CRT-NX3,Android,14
HONOR,CRT-NX3,Android,13
HONOR,ELI-NX9,Android,14
HONOR,ELI-NX9,Android,15
HONOR,ELN-L03,Android,13
HONOR,ELP-NX9,Android,15
HONOR,ELP-NX9,Android,14
HONOR,FNE-NX9,Android,13
HONOR,FNE-NX9,Android,14
HONOR,GFY-LX3,Android,14
HONOR,JDY-LX3,Android,14
HONOR,JDY-LX3P,Android,14
HONOR,JSN-L23,Android,10
HONOR,JSN-L23,Android,9
HONOR,LGE-NX9,Android,14
HONOR,LLY-LX3,Android,13
HONOR,LLY-LX3,Android,14
HONOR,LLY-NX3,Android,14
HONOR,NTH-NX9,Android,13
HONOR,NTH-NX9,Android,12
HONOR,NTN-LX3,Android,13
HONOR,PGT-N19,Android,13
HONOR,PGT-N19,Android,14
HONOR,PTP-N49,Android,15
HONOR,RBN-NX3,Android,14
HONOR,REA-NX9,Android,13
HONOR,REA-NX9,Android,14
HONOR,REP-AN00,Android,14
HONOR,RKY-LX3,Android,12
HONOR,RKY-LX3,Android,14
HONOR,RMO-NX3,Android,12
HONOR,RMO-NX3,Android,13
HONOR,TFY-LX3,Android,13
HONOR,TFY-LX3,Android,11
HONOR,VNA-LX3,Android,12
HONOR,VNE-LX3,Android,12
HONOR,VNE-LX3,Android,14
HONOR,WDY-LX3,Android,14
HONOR,WDY-LX3,Android,13
HONOR,WOD-LX3,Android,13
HONOR,WOD-LX3,Android,14
HUAWEI,ADY-LX9,Android,12
HUAWEI,AMN-LX3,Android,9
HUAWEI,ANA-LX4,Android,10
HUAWEI,ANE-LX1,Android,9
HUAWEI,ANE-LX2J,Android,9
HUAWEI,ANE-LX3,Android,8.0.0
HUAWEI,ANE-LX3,Android,9
HUAWEI,AQM-LX1,Android,10
HUAWEI,BAC-L03,Android,8.0.0
HUAWEI,BLA-L09,Android,10
HUAWEI,BLA-L29,Android,10
HUAWEI,BLK-LX9,Android,12
HUAWEI,CLT-L09,Android,10
HUAWEI,CLT-L29,Android,8.1.2000
HUAWEI,CLT-L29,Android,9
HUAWEI,CLT-L29,Android,10
HUAWEI,DRA-LX3,Android,8.1.2000
HUAWEI,DUB-LX1,Android,8.1.2000
HUAWEI,DUB-LX3,Android,8.1.2000
HUAWEI,ELE-L04,Android,10
HUAWEI,ELE-L29,Android,10
HUAWEI,ELE-L29,Android,9
HUAWEI,ELS-N04,Android,10
HUAWEI,EML-L09,Android,9
HUAWEI,EML-L09,Android,10
HUAWEI,FIG-LX3,Android,9
HUAWEI,FIG-LX3,Android,8.0.0
HUAWEI,FLA-LX3,Android,9
HUAWEI,FOA-LX9,Android,12
HUAWEI,GLA-LX3,Android,12
HUAWEI,HBN-LX9,Android,12
HUAWEI,HBP-LX9,Android,12
HUAWEI,HMA-L29,Android,10
HUAWEI,JAD-LX9,Android,12
HUAWEI,JKM-LX3,Android,9
HUAWEI,JLN-LX3,Android,12
HUAWEI,JNY-LX2,Android,10
HUAWEI,LDN-LX3,Android,8.0.0
HUAWEI,LYA-L09,Android,10
HUAWEI,LYA-L29,Android,10
HUAWEI,LYA-L29,Android,9
HUAWEI,MAO-LX9,Android,12
HUAWEI,MAR-LX1B,Android,10
HUAWEI,MAR-LX3A,Android,9
HUAWEI,MAR-LX3A,Android,10
HUAWEI,MAR-LX3Am,Android,9
HUAWEI,MAR-LX3Bm,Android,9
HUAWEI,MAR-LX3Bm,Android,10
HUAWEI,MED-LX9,Android,10
HUAWEI,MIS-LX9,Android,12
HUAWEI,MNA-AL00,Android,12
HUAWEI,MNA-LX9,Android,12
HUAWEI,MRD-LX3,Android,9
HUAWEI,NAM-LX9,Android,12
HUAWEI,NEN-LX3,Android,10
HUAWEI,POT-LX3,Android,10
HUAWEI,POT-LX3,Android,9
HUAWEI,PRA-LX3,Android,8.0.0
HUAWEI,RNE-L03,Android,8.0.0
HUAWEI,RNE-L23,Android,8.0.0
HUAWEI,SNE-LX3,Android,10
HUAWEI,SNE-LX3,Android,9
HUAWEI,SNE-LX3,Android,8.1.2000
HUAWEI,STG-LX2,Android,12
HUAWEI,STK-LX3,Android,9
HUAWEI,STK-LX3,Android,10
HUAWEI,VKY-L29,Android,9
HUAWEI,VOG-AL00,Android,10
HUAWEI,VOG-L04,Android,10
HUAWEI,VOG-L04,Android,9
HUAWEI,VOG-L29,Android,10
HUAWEI,VTR-L09,Android,9
HUAWEI,WKG-LX9,Android,10
HUAWEI,YAL-L21,Android,10
HYUNDAI,E603,Android,10
Infinix,Infinix X670,Android,13
Infinix,Infinix X671B,Android,13
Infinix,Infinix X6731B,Android,14
Infinix,Infinix X6731B,Android,13
Infinix,Infinix X678B,Android,14
Infinix,Infinix X6812B,Android,11
Infinix,Infinix X6827,Android,12
Infinix,Infinix X6837,Android,13
Infinix,Infinix X6850,Android,14
Infinix,Infinix X6851B,Android,14
Infinix,Infinix X6860,Android,14
Infinix,Infinix X6861,Android,14
Infinix,Infinix X6871,Android,14
Infinix,Infinix X6880,Android,14
Infinix,Infinix X6882,Android,14
Infinix,Infinix X697,Android,11
KDDI,SCV36,Android,8.0.0
LAVA,LAVA LZX407,Android,12
Lenovo,Lenovo L18021,Android,8.1.2000
Lenovo,Lenovo L71061,Android,12
Lenovo,Lenovo L71091,Android,12
Lenovo,Lenovo TB-8304F1,Android,7
Lenovo,Lenovo TB-J606F,Android,11
Lenovo,Lenovo TB-J606L,Android,11
Lenovo,Lenovo TB-X306F,Android,10
Lenovo,Lenovo TB-X306X,Android,11
Lenovo,Lenovo TB-X306X,Android,10
Lenovo,Lenovo TB-X505F,Android,10
Lenovo,Lenovo TB125FU,Android,13
Lenovo,Lenovo TB128FU,Android,13
Lenovo,Lenovo TB128FU,Android,12
Lenovo,Lenovo TB128XU,Android,13
Lenovo,Lenovo YT-J706F,Android,12
Lenovo,Lenovo YT-X705F,Android,10
Lenovo,TB328FU,Android,12
Lenovo,TB328XU,Android,12
Lenovo,TB330XU,Android,14
Lenovo,TB350XU,Android,13
Lenovo,TB350XU,Android,14
Lenovo,TB370FU,Android,14
MIRAY,TPM4G_E108,Android,12
Nokia,Nokia 1.3,Android,11
Nokia,Nokia 2.3,Android,11
Nokia,Nokia 2.4,Android,12
Nokia,Nokia 5.3,Android,12
Nokia,Nokia 5.4,Android,12
Nokia,Nokia 6.1,Android,10
Nokia,Nokia 6.1 Plus,Android,10
Nokia,Nokia 6.2,Android,11
Nokia,Nokia 7.2,Android,11
Nokia,Nokia 8.3 5G,Android,12
Nokia,Nokia C21 Plus,Android,11
Nokia,Nokia G20,Android,13
Nokia,Nokia G50,Android,13
Nokia,Nokia X100,Android,11
Nokia,TA-1039,Android,9
Nothing,A063,Android,14
Nothing,A065,Android,14
Nothing,A142,Android,15
OPPO,CPH1943,Android,10
OPPO,CPH2145,Android,13
OPPO,CPH2173,Android,11
OPPO,CPH2211,Android,13
OPPO,CPH2239,Android,11
OPPO,CPH2239,Android,10
OPPO,CPH2269,Android,11
OPPO,CPH2273,Android,13
OPPO,CPH2343,Android,13
OPPO,CPH2353,Android,13
OPPO,CPH2357,Android,12
OPPO,CPH2363,Android,12
OPPO,CPH2363,Android,14
OPPO,CPH2363,Android,13
OPPO,CPH2365,Android,13
OPPO,CPH2365,Android,11
OPPO,CPH2385,Android,13
OPPO,CPH2385,Android,14
OPPO,CPH2387,Android,14
OPPO,CPH2387,Android,13
OPPO,CPH2387,Android,12
OPPO,CPH2477,Android,12
OPPO,CPH2483,Android,14
OPPO,CPH2531,Android,15
OPPO,CPH2531,Android,13
OPPO,CPH2531,Android,14
OPPO,CPH2557,Android,13
OPPO,CPH2557,Android,14
OPPO,CPH2565,Android,14
OPPO,CPH2565,Android,13
OPPO,CPH2577,Android,14
OPPO,CPH2577,Android,13
OPPO,CPH2577,Android,15
OPPO,CPH2579,Android,13
OPPO,CPH2579,Android,14
OPPO,CPH2599,Android,14
OPPO,CPH2599,Android,15
OPPO,CPH2603,Android,15
OPPO,CPH2603,Android,14
OPPO,CPH2625,Android,15
OPPO,CPH2625,Android,14
OPPO,CPH2637,Android,14
OPPO,CPH2637,Android,15
OPPO,CPH2639,Android,14
OPPO,CPH2639,Android,15
OPPO,CPH2669,Android,14
OPPO,CPH2699,Android,15
OPPO,CPH3669,Android,14
OPPO,PCKM00,Android,11
OPPO,PGT110,Android,14
OUKITEL,WP19,Android,12
OnePlus,AC2001,Android,12
OnePlus,AC2003,Android,12
OnePlus,BE2025,Android,11
OnePlus,CPH2399,Android,12
OnePlus,CPH2413,Android,12
OnePlus,CPH2447,Android,14
OnePlus,CPH2447,Android,15
OnePlus,CPH2449,Android,15
OnePlus,CPH2449,Android,14
OnePlus,CPH2451,Android,14
OnePlus,CPH2451,Android,13
OnePlus,CPH2451,Android,15
OnePlus,CPH2493,Android,14
OnePlus,CPH2581,Android,14
OnePlus,CPH2581,Android,15
OnePlus,CPH2583,Android,14
OnePlus,CPH2583,Android,15
OnePlus,CPH2609,Android,15
OnePlus,CPH2611,Android,14
OnePlus,DE2118,Android,12
OnePlus,DN2103,Android,12
OnePlus,DN2103,Android,13
OnePlus,EB2103,Android,13
OnePlus,GM1910,Android,12
OnePlus,GM1917,Android,12
OnePlus,GM1925,Android,10
OnePlus,GN2200,Android,12
OnePlus,HD1905,Android,12
OnePlus,HD1907,Android,12
OnePlus,IN2013,Android,13
OnePlus,IN2015,Android,13
OnePlus,IN2025,Android,13
OnePlus,IV2201,Android,13
OnePlus,KB2001,Android,14
OnePlus,KB2003,Android,14
OnePlus,KB2003,Android,13
OnePlus,KB2005,Android,14
OnePlus,LE2111,Android,13
OnePlus,LE2115,Android,14
OnePlus,LE2115,Android,13
OnePlus,LE2117,Android,11
OnePlus,LE2117,Android,14
OnePlus,LE2121,Android,12
OnePlus,LE2121,Android,14
OnePlus,LE2125,Android,14
OnePlus,LE2127,Android,14
OnePlus,NE2213,Android,14
OnePlus,NE2215,Android,14
OnePlus,NE2217,Android,14
OnePlus,ONEPLUS A5010,Android,10
OnePlus,ONEPLUS A6000,Android,11
OnePlus,ONEPLUS A6013,Android,11
POCO,21061110AG,Android,13
POCO,21061110AG,Android,12
POCO,21091116AG,Android,13
POCO,21091116AG,Android,11
POCO,21091116AG,Android,12
POCO,21121210G,Android,13
POCO,21121210G,Android,14
POCO,21121210G,Android,12
POCO,2201116PG,Android,12
POCO,2201116PG,Android,11
POCO,2201116PG,Android,13
POCO,2201117PG,Android,13
POCO,2201117PG,Android,11
POCO,2201117PG,Android,12
POCO,22021211RG,Android,13
POCO,22021211RG,Android,14
POCO,220333QPG,Android,11
POCO,22041216G,Android,13
POCO,22041216G,Android,14
POCO,22041216G,Android,12
POCO,2207117BPG,Android,13
POCO,2207117BPG,Android,12
POCO,22071219CG,Android,14
POCO,22071219CG,Android,12
POCO,22101320G,Android,12
POCO,22101320G,Android,13
POCO,22101320G,Android,14
POCO,22111317PG,Android,12
POCO,22111317PG,Android,13
POCO,22111317PG,Android,14
POCO,23013PC75G,Android,14
POCO,23013PC75G,Android,13
POCO,23013PC75G,Android,15
POCO,23049PCD8G,Android,15
POCO,23049PCD8G,Android,14
POCO,23049PCD8G,Android,13
POCO,2310FPCA4G,Android,14
POCO,2310FPCA4G,Android,13
POCO,2310FPCA4G,Android,15
POCO,23113RKC6G,Android,14
POCO,23113RKC6G,Android,15
POCO,2311DRK48G,Android,15
POCO,2311DRK48G,Android,14
POCO,23122PCD1G,Android,14
POCO,23122PCD1G,Android,13
POCO,2312FPCA6G,Android,13
POCO,2312FPCA6G,Android,15
POCO,2312FPCA6G,Android,14
POCO,2404APC5FG,Android,15
POCO,24069PC21G,Android,14
POCO,24069PC21G,Android,15
POCO,24122RKC7G,Android,15
POCO,2412DPC0AG,Android,15
POCO,M2007J20CG,Android,12
POCO,M2007J20CG,Android,10
POCO,M2007J20CG,Android,11
POCO,M2010J19CG,Android,10
POCO,M2010J19CG,Android,11
POCO,M2010J19CG,Android,12
POCO,M2012K11AG,Android,12
POCO,M2012K11AG,Android,11
POCO,M2012K11AG,Android,13
POCO,M2012K11AG,Android,14
POCO,M2102J20SG,Android,13
POCO,M2102J20SG,Android,11
POCO,M2102J20SG,Android,14
POCO,M2102J20SG,Android,12
POCO,M2103K19PG,Android,12
POCO,M2103K19PG,Android,13
POCO,M2103K19PG,Android,11
POCO,POCO F2 Pro,Android,12
POCO,POCO F2 Pro,Android,10
POCO,POCO X3 NFC,Android,14
PRITOM,M10,Android,10
Philco,Hit P10,Android,10
Redmi,21061119AG,Android,12
Redmi,21061119AL,Android,11
Redmi,21061119AL,Android,13
Redmi,21061119AL,Android,12
Redmi,21091116UG,Android,12
Redmi,21091116UG,Android,13
Redmi,21091116UG,Android,11
Redmi,21121119SG,Android,11
Redmi,21121119SG,Android,12
Redmi,21121119VL,Android,11
Redmi,21121119VL,Android,13
Redmi,21121119VL,Android,12
Redmi,22011119UY,Android,12
Redmi,2201116SG,Android,13
Redmi,2201116SG,Android,12
Redmi,2201116SG,Android,11
Redmi,2201116TG,Android,11
Redmi,2201116TG,Android,13
Redmi,2201116TG,Android,12
Redmi,2201117SG,Android,12
Redmi,2201117SG,Android,13
Redmi,2201117SG,Android,11
Redmi,2201117SL,Android,12
Redmi,2201117SL,Android,11
Redmi,2201117SL,Android,13
Redmi,2201117SY,Android,13
Redmi,2201117SY,Android,11
Redmi,2201117TG,Android,12
Redmi,2201117TG,Android,13
Redmi,2201117TG,Android,11
Redmi,2201117TL,Android,12
Redmi,2201117TL,Android,11
Redmi,2201117TL,Android,13
Redmi,2201117TY,Android,12
Redmi,2201117TY,Android,13
Redmi,2201117TY,Android,11
Redmi,220233L2G,Android,11
Redmi,22031116BG,Android,13
Redmi,22031116BG,Android,12
Redmi,220333QAG,Android,13
Redmi,220333QAG,Android,12
Redmi,220333QAG,Android,11
Redmi,220333QL,Android,12
Redmi,220333QL,Android,13
Redmi,220333QL,Android,11
Redmi,220333QNY,Android,11
Redmi,220333QNY,Android,13
Redmi,22041211AC,Android,12
Redmi,22041219G,Android,14
Redmi,22041219I,Android,13
Redmi,22041219NY,Android,14
Redmi,22041219NY,Android,13
Redmi,220733SL,Android,12
Redmi,22081283G,Android,14
Redmi,2209116AG,Android,11
Redmi,2209116AG,Android,12
Redmi,2209116AG,Android,13
Redmi,22101316G,Android,13
Redmi,22101316G,Android,14
Redmi,22101316G,Android,12
Redmi,22101316I,Android,13
Redmi,22101316UG,Android,14
Redmi,22101316UG,Android,12
Redmi,22101316UG,Android,13
Redmi,22111317G,Android,14
Redmi,22120RN86G,Android,14
Redmi,22120RN86I,Android,14
Redmi,22126RN91Y,Android,13
Redmi,2212ARNC4L,Android,14
Redmi,2212ARNC4L,Android,13
Redmi,2212ARNC4L,Android,12
Redmi,23013RK75C,Android,13
Redmi,23013RK75C,Android,14
Redmi,23021RAA2Y,Android,14
Redmi,23021RAAEG,Android,14
Redmi,23021RAAEG,Android,15
Redmi,23026RN54G,Android,13
Redmi,23028RA60L,Android,13
Redmi,23028RA60L,Android,15
Redmi,23028RA60L,Android,14
Redmi,23030RAC7Y,Android,14
Redmi,2303CRA44A,Android,13
Redmi,2303CRA44A,Android,14
Redmi,2303ERA42L,Android,15
Redmi,2303ERA42L,Android,13
Redmi,2303ERA42L,Android,14
Redmi,23053RN02L,Android,15
Redmi,23053RN02L,Android,13
Redmi,23053RN02L,Android,14
Redmi,23073RPBFL,Android,14
Redmi,23073RPBFL,Android,13
Redmi,23076RN8DY,Android,14
Redmi,23076RN8DY,Android,13
Redmi,23090RA98G,Android,15
Redmi,23090RA98G,Android,13
Redmi,23090RA98G,Android,14
Redmi,23090RA98I,Android,14
Redmi,23100RN82L,Android,13
Redmi,23100RN82L,Android,15
Redmi,23100RN82L,Android,14
Redmi,23108RN04Y,Android,13
Redmi,23117RA68G,Android,13
Redmi,23117RA68G,Android,14
Redmi,23117RA68G,Android,15
Redmi,23124RA7EO,Android,14
Redmi,23124RA7EO,Android,15
Redmi,23124RA7EO,Android,13
Redmi,23124RN87G,Android,13
Redmi,23124RN87G,Android,14
Redmi,23124RN87G,Android,15
Redmi,23129RA5FL,Android,13
Redmi,23129RA5FL,Android,14
Redmi,23129RA5FL,Android,15
Redmi,23129RAA4G,Android,14
Redmi,23129RAA4G,Android,15
Redmi,23129RAA4G,Android,13
Redmi,2312CRNCCL,Android,15
Redmi,2312CRNCCL,Android,14
Redmi,2312DRA50G,Android,15
Redmi,2312DRA50G,Android,14
Redmi,2312DRA50G,Android,13
Redmi,2312DRAABG,Android,14
Redmi,2312DRAABG,Android,13
Redmi,2312DRAABG,Android,15
Redmi,24044RN32L,Android,14
Redmi,24044RN32L,Android,15
Redmi,24049RN28L,Android,14
Redmi,24049RN28L,Android,15
Redmi,2405CRPFDG,Android,14
Redmi,2405CRPFDL,Android,14
Redmi,24069RA21C,Android,14
Redmi,24075RP89G,Android,14
Redmi,24090RA29G,Android,15
Redmi,24090RA29G,Android,14
Redmi,24094RAD4G,Android,14
Redmi,2409BRN2CL,Android,14
Redmi,2409BRN2CY,Android,14
Redmi,24115RA8EC,Android,14
Redmi,24115RA8EG,Android,14
Redmi,24115RA8EG,Android,15
Redmi,24116RACCG,Android,14
Redmi,24117RN76L,Android,14
Redmi,25028RN03L,Android,15
Redmi,M1908C3JGG,Android,13
Redmi,M1908C3JGG,Android,12
Redmi,M1908C3JGG,Android,11
Redmi,M2003J15SC,Android,10
Redmi,M2003J15SC,Android,12
Redmi,M2003J15SC,Android,11
Redmi,M2004J19C,Android,12
Redmi,M2004J19C,Android,11
Redmi,M2004J19C,Android,10
Redmi,M2006C3LG,Android,11
Redmi,M2006C3LG,Android,10
Redmi,M2006C3MG,Android,10
Redmi,M2006C3MG,Android,11
Redmi,M2006C3MNG,Android,10
Redmi,M2007J22G,Android,12
Redmi,M2010J19SG,Android,10
Redmi,M2010J19SL,Android,11
Redmi,M2010J19SL,Android,10
Redmi,M2010J19SL,Android,12
Redmi,M2012K10C,Android,13
Redmi,M2101K6G,Android,13
Redmi,M2101K6G,Android,12
Redmi,M2101K6G,Android,11
Redmi,M2101K6R,Android,12
Redmi,M2101K6R,Android,11
Redmi,M2101K7AG,Android,12
Redmi,M2101K7AG,Android,11
Redmi,M2101K7BG,Android,13
Redmi,M2101K7BG,Android,11
Redmi,M2101K7BG,Android,12
Redmi,M2101K7BL,Android,12
Redmi,M2101K7BL,Android,13
Redmi,M2101K7BL,Android,11
Redmi,M2101K7BNY,Android,13
Redmi,M2101K7BNY,Android,12
Redmi,M2103K19G,Android,11
Redmi,M2103K19G,Android,12
Redmi,M2103K19G,Android,13
Redmi,M2104K10AC,Android,13
Redmi,M2104K10AC,Android,11
Redmi,Redmi Note 8 Pro,Android,10
Redmi,Redmi Note 8 Pro,Android,11
Redmi,Redmi Note 8 Pro,Android,9
Redmi,Redmi Note 9 Pro,Android,11
Redmi,Redmi Note 9 Pro,Android,12
Redmi,Redmi Note 9 Pro,Android,10
Redmi,Redmi Note 9S,Android,10
Redmi,Redmi Note 9S,Android,12
Redmi,Redmi Note 9S,Android,11
Redmi,lime,Android,12
Redmi,unknown,Android,13
Sony,G3123,Android,8.0.0
Sony,G3223,Android,8.0.0
Sony,G8141,Android,9
Sony,H3123,Android,9
Sony,H3223,Android,9
Sony,XQ-AS72,Android,12
Sony,XQ-AT51,Android,12
Sony,XQ-BQ72,Android,13
Sony,XQ-CQ72,Android,14
Sony,XQ-CT72,Android,14
Sony,XQ-DC72,Android,14
Sony,XQ-DQ72,Android,14
T-Mobile,REVVL V+ 5G,Android,12
TCL,5024J,Android,9
TCL,6165A,Android,12
TCL,9137W,Android,12
TCL,T509A,Android,14
TCL,T610E,Android,13
TCL,T612B,Android,13
TCL,T671E,Android,11
TCL,T671O,Android,11
TCL,T766J,Android,11
TCL,T770B,Android,11
TCL,T799B,Android,11
TCL,T803E,Android,14
TCL,T810S,Android,11
TECNO,TECNO BF6,Android,12
TECNO,TECNO BF7,Android,12
TECNO,TECNO BG6,Android,13
TECNO,TECNO BG7,Android,13
TECNO,TECNO CE7j,Android,11
TECNO,TECNO CE9,Android,11
TECNO,TECNO CH7n,Android,12
TECNO,TECNO CK9n,Android,14
TECNO,TECNO CL6,Android,14
TECNO,TECNO CLA6,Android,14
TECNO,TECNO KE5,Android,10
TECNO,TECNO KE5k,Android,10
TECNO,TECNO KE7,Android,10
TECNO,TECNO KF6p,Android,11
TECNO,TECNO KG7,Android,11
TECNO,TECNO KI5k,Android,12
TECNO,TECNO KI7,Android,13
TECNO,TECNO KJ5,Android,13
TECNO,TECNO KJ6,Android,13
TECNO,TECNO KJ7,Android,14
TECNO,TECNO LE6,Android,11
TECNO,TECNO LH7n,Android,13
TECNO,TECNO LH7n,Android,14
TECNO,TECNO LH8n,Android,13
TECNO,TECNO LH8n,Android,14
TECNO,TECNO PR651,Android,11
UMIDIGI,A11 Pro Max,Android,11
UMIDIGI,A7S,Android,10
UMIDIGI,A9 Pro,Android,10
UMIDIGI,BISON,Android,11
UMIDIGI,BISON,Android,10
UMIDIGI,BISON Pro,Android,11
UMIDIGI,MP05,Android,11
UMIDIGI,Power 5,Android,11
UMIDIGI,RP01,Android,11
UMIDIGI,RP02,Android,12
UMIDIGI,RP03,Android,12
UNIWA,W888,Android,11
Ulefone,Armor 8 Pro,Android,11
Ulefone,Armor X5,Android,11
Ulefone,Power Armor 16 Pro,Android,12
Ulefone,Power Armor 19,Android,12
Ulefone,Power Armor14 Pro,Android,12
WIKO,U307AS,Android,9
Wings_Mobile,W4,Android,10
Wings_Mobile,W7,Android,10
Xiaomi,21051182G,Android,13
Xiaomi,2107113SG,Android,12
Xiaomi,2107113SG,Android,11
Xiaomi,2107113SG,Android,15
Xiaomi,2107113SG,Android,13
Xiaomi,2107113SG,Android,14
Xiaomi,21081111RG,Android,12
Xiaomi,21081111RG,Android,13
Xiaomi,21081111RG,Android,14
Xiaomi,21081111RG,Android,11
Xiaomi,2109119DG,Android,13
Xiaomi,2109119DG,Android,11
Xiaomi,2109119DG,Android,14
Xiaomi,2109119DG,Android,12
Xiaomi,2109119DI,Android,14
Xiaomi,2112123AG,Android,11
Xiaomi,2112123AG,Android,13
Xiaomi,2201122G,Android,14
Xiaomi,2201122G,Android,12
Xiaomi,2201122G,Android,13
Xiaomi,2201122G,Android,15
Xiaomi,2201123G,Android,14
Xiaomi,2201123G,Android,13
Xiaomi,2201123G,Android,12
Xiaomi,2201123G,Android,15
Xiaomi,2203121C,Android,13
Xiaomi,2203129G,Android,12
Xiaomi,2203129G,Android,13
Xiaomi,2203129G,Android,14
Xiaomi,22071212AG,Android,12
Xiaomi,22071212AG,Android,13
Xiaomi,22071212AG,Android,14
Xiaomi,22081212UG,Android,12
Xiaomi,22081212UG,Android,13
Xiaomi,22081212UG,Android,14
Xiaomi,2210129SG,Android,15
Xiaomi,2210129SG,Android,13
Xiaomi,2210129SG,Android,12
Xiaomi,2210129SG,Android,14
Xiaomi,2210132G,Android,14
Xiaomi,23043RP34G,Android,14
Xiaomi,2304FPN6DC,Android,14
Xiaomi,2304FPN6DG,Android,13
Xiaomi,2304FPN6DG,Android,14
Xiaomi,2306EPN60G,Android,15
Xiaomi,2306EPN60G,Android,13
Xiaomi,2306EPN60G,Android,14
Xiaomi,23078PND5G,Android,15
Xiaomi,23078PND5G,Android,13
Xiaomi,23078PND5G,Android,14
Xiaomi,23116PN5BC,Android,14
Xiaomi,23127PN0CG,Android,14
Xiaomi,23127PN0CG,Android,15
Xiaomi,24030PN60G,Android,14
Xiaomi,24030PN60G,Android,15
Xiaomi,2406APNFAG,Android,15
Xiaomi,2406APNFAG,Android,14
Xiaomi,2407FPN8EG,Android,15
Xiaomi,2407FPN8EG,Android,14
Xiaomi,24129PN74G,Android,15
Xiaomi,25010PN30G,Android,15
Xiaomi,M2007J3SG,Android,12
Xiaomi,M2007J3SG,Android,10
Xiaomi,M2007J3SY,Android,12
Xiaomi,M2007J3SY,Android,10
Xiaomi,M2007J3SY,Android,11
Xiaomi,M2011K2G,Android,14
Xiaomi,M2012K11G,Android,14
Xiaomi,M2101K6G,Android,14
Xiaomi,M2101K9AG,Android,11
Xiaomi,M2101K9AG,Android,13
Xiaomi,M2101K9AG,Android,12
Xiaomi,M2101K9G,Android,12
Xiaomi,M2101K9G,Android,11
Xiaomi,M2101K9G,Android,13
Xiaomi,M2101K9R,Android,13
Xiaomi,M2102K1C,Android,14
Xiaomi,M2102K1G,Android,12
Xiaomi,M2102K1G,Android,14
Xiaomi,M2102K1G,Android,13
Xiaomi,MI 8,Android,10
Xiaomi,MI 8 Lite,Android,10
Xiaomi,MI 9,Android,11
Xiaomi,MI 9,Android,10
Xiaomi,MI CC 9e,Android,10
Xiaomi,MI MAX 3,Android,10
Xiaomi,Mi 10,Android,13
Xiaomi,Mi 9 Lite,Android,11
Xiaomi,Mi 9 SE,Android,11
Xiaomi,Mi 9T,Android,11
Xiaomi,Mi 9T,Android,10
Xiaomi,Mi 9T Pro,Android,9
Xiaomi,Mi 9T Pro,Android,15
Xiaomi,Mi 9T Pro,Android,11
Xiaomi,Mi 9T Pro,Android,10
Xiaomi,Mi A3,Android,11
Xiaomi,Mi Note 10,Android,11
Xiaomi,Mi Note 10 Lite,Android,12
Xiaomi,Mi Note 10 Lite,Android,10
Xiaomi,Mi Note 10 Pro,Android,11
Xiaomi,POCO F1,Android,10
Xiaomi,POCOPHONE F1,Android,10
Xiaomi,Redmi 5,Android,8.1.2000
Xiaomi,Redmi 7A,Android,10
Xiaomi,Redmi 8,Android,10
Xiaomi,Redmi 8A,Android,9
Xiaomi,Redmi 8A,Android,10
Xiaomi,agate,Android,11
ZTE,Z2350,Android,13
ZTE,Z2359,Android,13
ZTE,Z2450,Android,14
ZTE,Z2453,Android,14
ZTE,Z2459,Android,14
ZTE,ZTE 2050,Android,9
ZTE,ZTE 7060,Android,13
ZTE,ZTE 8010,Android,10
ZTE,ZTE 8030,Android,11
ZTE,ZTE 8045,Android,11
ZTE,ZTE 8046,Android,12
ZTE,ZTE 8050,Android,13
ZTE,ZTE 8550,Android,13
ZTE,ZTE 9030,Android,11
ZTE,ZTE 9046,Android,11
ZTE,ZTE 9047,Android,12
ZTE,ZTE 9050N,Android,13
ZTE,ZTE A7020,Android,10
ZTE,ZTE A7030,Android,11
ZTE,ZTE A7050,Android,12
ZTE,ZTE Blade A3 2020,Android,9
ZTE,ZTE Blade A3 Lite,Android,9
ZTE,ZTE Blade A34,Android,13
ZTE,ZTE Blade A5 2020,Android,9
ZTE,ZTE Blade A5 2020,Android,11
ZTE,ZTE Blade A51,Android,11
ZTE,ZTE Blade A52,Android,11
ZTE,ZTE Blade A52 Lite,Android,11
ZTE,ZTE Blade A53+,Android,12
ZTE,ZTE Blade A531,Android,8.1.2000
ZTE,ZTE Blade A54,Android,13
ZTE,ZTE Blade A7 2019,Android,9
ZTE,ZTE Blade A7 2020,Android,9
ZTE,ZTE Blade L8,Android,9
ZTE,ZTE Blade V10 Vita,Android,9
alps,AH3P,Android,8.1.2000
asus,ASUS_AI2201_A,Android,12
asus,ASUS_AI2201_A,Android,13
asus,ASUS_AI2201_F,Android,14
asus,ASUS_AI2203_C,Android,12
asus,ASUS_AI2205_C,Android,14
asus,ASUS_AI2401_D,Android,14
asus,ASUS_I002D,Android,12
asus,ASUS_I004D,Android,13
asus,ASUS_I005DA,Android,11
asus,ASUS_I005DA,Android,13
asus,ASUS_I005DC,Android,13
blackshark,DLT-H0,Android,10
blackshark,SHARK PRS-H0,Android,11
google,Pixel 2 XL,Android,11
google,Pixel 3 XL,Android,12
google,Pixel 3a,Android,12
google,Pixel 4,Android,13
google,Pixel 4 XL,Android,13
google,Pixel 4a,Android,12
google,Pixel 4a,Android,13
google,Pixel 5,Android,14
google,Pixel 6,Android,13
google,Pixel 6,Android,14
google,Pixel 6,Android,15
google,Pixel 6 Pro,Android,14
google,Pixel 6 Pro,Android,15
google,Pixel 6 Pro,Android,16
google,Pixel 6a,Android,12
google,Pixel 6a,Android,14
google,Pixel 6a,Android,13
google,Pixel 6a,Android,15
google,Pixel 7,Android,15
google,Pixel 7,Android,14
google,Pixel 7 Pro,Android,13
google,Pixel 7 Pro,Android,15
google,Pixel 7 Pro,Android,14
google,Pixel 7a,Android,15
google,Pixel 7a,Android,14
google,Pixel 7a,Android,16
google,Pixel 8,Android,15
google,Pixel 8,Android,14
google,Pixel 8 Pro,Android,14
google,Pixel 8 Pro,Android,15
google,Pixel 8a,Android,14
google,Pixel 8a,Android,15
google,Pixel 9,Android,15
google,Pixel 9 Pro,Android,15
google,Pixel 9 Pro,Android,14
google,Pixel 9 Pro Fold,Android,14
google,Pixel 9 Pro XL,Android,14
google,Pixel 9 Pro XL,Android,15
google,Pixel 9 Pro XL,Android,16
lge,LG-H870,Android,9
lge,LG-H870,Android,8.0.0
lge,LM-G710,Android,9
lge,LM-G710,Android,10
lge,LM-G810,Android,12
lge,LM-G820N,Android,12
lge,LM-G850,Android,12
lge,LM-G900,Android,13
lge,LM-G910,Android,12
lge,LM-K200,Android,10
lge,LM-K410,Android,11
lge,LM-K420,Android,10
lge,LM-K420,Android,12
lge,LM-K510,Android,11
lge,LM-K520,Android,12
lge,LM-K520,Android,10
lge,LM-K525,Android,12
lge,LM-Q610.FGN,Android,8.1.2000
lge,LM-Q630,Android,11
lge,LM-Q730,Android,10
lge,LM-Q850,Android,8.1.2000
lge,LM-V350,Android,8.0.0
lge,LM-V405,Android,8.1.2000
lge,LM-V450,Android,10
lge,LM-V500N,Android,10
lge,LM-V600,Android,12
lge,LM-V600,Android,10
lge,LM-V600,Android,13
lge,LM-X420,Android,9
lge,LM-X420,Android,8.1.2000
lge,LM-X430,Android,10
lge,LM-X510WM,Android,8.1.2000
lge,LM-X520,Android,10
lge,LM-X525,Android,10
lge,LM-X540,Android,10
motorola,Moto G (5),Android,8.1.2000
motorola,Moto G (5) Plus,Android,8.1.2000
motorola,Moto Z3 Play,Android,9
motorola,ThinkPhone by motorola,Android,14
motorola,XT1635-02,Android,8.0.0
motorola,moto e(6) plus,Android,9
motorola,moto e(6i),Android,10
motorola,moto e(7),Android,10
motorola,moto e(7i) power,Android,10
motorola,moto e13,Android,13
motorola,moto e14,Android,14
motorola,moto e20,Android,11
motorola,moto e22,Android,12
motorola,moto e22i,Android,12
motorola,moto e30,Android,11
motorola,moto e32,Android,11
motorola,moto e5,Android,8.0.0
motorola,moto e5 play,Android,8.1.2000
motorola,moto e5 plus,Android,8.0.0
motorola,moto e6s,Android,9
motorola,moto g 5G,Android,11
motorola,moto g 5G,Android,14
motorola,moto g 5G (2022),Android,13
motorola,moto g 5G - 2023,Android,13
motorola,moto g 5G - 2023,Android,14
motorola,moto g 5G - 2024,Android,14
motorola,moto g 5G plus,Android,11
motorola,moto g power (2021),Android,11
motorola,moto g power (2022),Android,12
motorola,moto g power 5G - 2023,Android,13
motorola,moto g power 5G - 2023,Android,14
motorola,moto g power 5G - 2024,Android,15
motorola,moto g pure,Android,12
motorola,moto g stylus,Android,11
motorola,moto g stylus (2021),Android,11
motorola,moto g stylus (2022),Android,12
motorola,moto g stylus 5G,Android,12
motorola,moto g stylus 5G (2022),Android,13
motorola,moto g stylus 5G - 2023,Android,13
motorola,moto g stylus 5G - 2023,Android,14
motorola,moto g stylus 5G - 2024,Android,14
motorola,moto g(10),Android,11
motorola,moto g(100),Android,12
motorola,moto g(20),Android,11
motorola,moto g(30),Android,12
motorola,moto g(30),Android,11
motorola,moto g(50),Android,12
motorola,moto g(50) 5G,Android,11
motorola,moto g(50) 5G,Android,12
motorola,moto g(6),Android,9
motorola,moto g(6),Android,8.0.0
motorola,moto g(6) play,Android,8.0.0
motorola,moto g(6) play,Android,9
motorola,moto g(6) plus,Android,9
motorola,moto g(6) plus,Android,8.0.0
motorola,moto g(60),Android,12
motorola,moto g(60)s,Android,11
motorola,moto g(60)s,Android,12
motorola,moto g(7),Android,9
motorola,moto g(7) plus,Android,10
motorola,moto g(7) power,Android,10
motorola,moto g(7) power,Android,9
motorola,moto g(8) play,Android,10
motorola,moto g(8) plus,Android,9
motorola,moto g(8) plus,Android,10
motorola,moto g(8) power,Android,11
motorola,moto g(8) power lite,Android,10
motorola,moto g(8) power lite,Android,9
motorola,moto g(9) play,Android,10
motorola,moto g(9) play,Android,11
motorola,moto g(9) plus,Android,10
motorola,moto g(9) plus,Android,11
motorola,moto g(9) power,Android,11
motorola,moto g(9) power,Android,10
motorola,moto g04,Android,14
motorola,moto g04s,Android,14
motorola,moto g05,Android,15
motorola,moto g13,Android,14
motorola,moto g13,Android,13
motorola,moto g14,Android,14
motorola,moto g14,Android,13
motorola,moto g15,Android,15
motorola,moto g200 5G,Android,12
motorola,moto g22,Android,12
motorola,moto g23,Android,13
motorola,moto g23,Android,14
motorola,moto g24,Android,14
motorola,moto g24 power,Android,14
motorola,moto g31,Android,12
motorola,moto g31,Android,11
motorola,moto g31(w),Android,12
motorola,moto g34 5G,Android,14
motorola,moto g35 5G,Android,14
motorola,moto g51 5G,Android,11
motorola,moto g51 5G,Android,12
motorola,moto g52,Android,13
motorola,moto g52,Android,12
motorola,moto g53 5G,Android,13
motorola,moto g53 5G,Android,14
motorola,moto g54 5G,Android,13
motorola,moto g54 5G,Android,14
motorola,moto g71 5G,Android,12
motorola,moto g75 5G,Android,14
motorola,moto g82 5G,Android,13
motorola,moto g84 5G,Android,14
motorola,moto g84 5G,Android,13
motorola,moto g85 5G,Android,14
motorola,moto z3,Android,9
motorola,moto z4,Android,10
motorola,motorola edge,Android,11
motorola,motorola edge (2021),Android,13
motorola,motorola edge (2022),Android,14
motorola,motorola edge 20 lite,Android,13
motorola,motorola edge 20 lite,Android,12
motorola,motorola edge 20 pro,Android,13
motorola,motorola edge 2024,Android,14
motorola,motorola edge 30 fusion,Android,13
motorola,motorola edge 30 fusion,Android,12
motorola,motorola edge 30 fusion,Android,14
motorola,motorola edge 30 neo,Android,14
motorola,motorola edge 30 neo,Android,13
motorola,motorola edge 30 neo,Android,12
motorola,motorola edge 30 pro,Android,14
motorola,motorola edge 30 pro,Android,12
motorola,motorola edge 30 pro,Android,13
motorola,motorola edge 30 ultra,Android,12
motorola,motorola edge 30 ultra,Android,14
motorola,motorola edge 40,Android,13
motorola,motorola edge 40,Android,14
motorola,motorola edge 40 neo,Android,14
motorola,motorola edge 40 neo,Android,13
motorola,motorola edge 50,Android,14
motorola,motorola edge 50,Android,15
motorola,motorola edge 50 fusion,Android,15
motorola,motorola edge 50 fusion,Android,14
motorola,motorola edge 50 pro,Android,14
motorola,motorola edge 50 pro,Android,15
motorola,motorola edge 50 ultra,Android,14
motorola,motorola edge 50 ultra,Android,15
motorola,motorola one 5G ace,Android,11
motorola,motorola one action,Android,11
motorola,motorola one fusion,Android,10
motorola,motorola one fusion,Android,11
motorola,motorola one hyper,Android,11
motorola,motorola one macro,Android,9
motorola,motorola one macro,Android,10
motorola,motorola one vision,Android,11
motorola,motorola one zoom,Android,10
motorola,motorola razr 40,Android,14
motorola,motorola razr 40 ultra,Android,15
motorola,motorola razr 40 ultra,Android,13
motorola,motorola razr 40 ultra,Android,14
motorola,motorola razr 50,Android,14
motorola,motorola razr 50 ultra,Android,14
motorola,motorola razr 50 ultra,Android,15
motorola,motorola razr plus 2023,Android,13
nubia,NX659J,Android,10
nubia,NX659J,Android,11
nubia,NX666J,Android,11
nubia,NX669J,Android,12
nubia,NX669J,Android,11
nubia,NX712J,Android,13
nubia,NX713J,Android,14
nubia,NX713J,Android,13
nubia,NX721J,Android,14
nubia,NX724J,Android,13
nubia,NX729J,Android,13
nubia,NX729J,Android,14
nubia,NX769J,Android,14
nubia,NX789J,Android,15
nubia,Z2351N,Android,13
nubia,Z2352N,Android,13
nubia,Z2353,Android,13
nubia,Z2357N,Android,13
realme,RMX1921,Android,11
realme,RMX1931,Android,11
realme,RMX2001,Android,11
realme,RMX2020,Android,10
realme,RMX2040,Android,11
realme,RMX2063,Android,11
realme,RMX2086,Android,12
realme,RMX2151,Android,12
realme,RMX2170,Android,11
realme,RMX2170,Android,12
realme,RMX2170,Android,10
realme,RMX2193,Android,11
realme,RMX2202,Android,14
realme,RMX2202,Android,13
realme,RMX3081,Android,13
realme,RMX3085,Android,13
realme,RMX3151,Android,13
realme,RMX3151,Android,12
realme,RMX3231,Android,11
realme,RMX3241,Android,13
realme,RMX3261,Android,11
realme,RMX3263,Android,11
realme,RMX3269,Android,11
realme,RMX3300,Android,13
realme,RMX3301,Android,14
realme,RMX3363,Android,13
realme,RMX3370,Android,13
realme,RMX3370,Android,11
realme,RMX3371,Android,12
realme,RMX3371,Android,14
realme,RMX3472,Android,12
realme,RMX3472,Android,14
realme,RMX3491,Android,13
realme,RMX3491,Android,12
realme,RMX3511,Android,13
realme,RMX3511,Android,12
realme,RMX3511,Android,11
realme,RMX3521,Android,14
realme,RMX3521,Android,13
realme,RMX3561,Android,14
realme,RMX3562,Android,14
realme,RMX3563,Android,14
realme,RMX3624,Android,13
realme,RMX3624,Android,12
realme,RMX3630,Android,13
realme,RMX3690,Android,12
realme,RMX3708,Android,15
realme,RMX3709,Android,15
realme,RMX3710,Android,13
realme,RMX3710,Android,14
realme,RMX3740,Android,14
realme,RMX3741,Android,14
realme,RMX3840,Android,14
realme,RMX3851,Android,14
realme,RMX3851,Android,15
realme,RMX3888,Android,14
samsung,SC-02K,Android,10
samsung,SC-56B,Android,13
samsung,SM-A013M,Android,10
samsung,SM-A015M,Android,11
samsung,SM-A015M,Android,12
samsung,SM-A015M,Android,10
samsung,SM-A022M,Android,11
samsung,SM-A025M,Android,11
samsung,SM-A025M,Android,12
samsung,SM-A025U1,Android,12
samsung,SM-A032M,Android,11
samsung,SM-A032M,Android,12
samsung,SM-A032M,Android,13
samsung,SM-A035M,Android,12
samsung,SM-A035M,Android,13
samsung,SM-A037M,Android,13
samsung,SM-A037M,Android,12
samsung,SM-A037U,Android,13
samsung,SM-A042M,Android,13
samsung,SM-A042M,Android,14
samsung,SM-A042M,Android,12
samsung,SM-A045M,Android,12
samsung,SM-A045M,Android,14
samsung,SM-A045M,Android,13
samsung,SM-A047M,Android,13
samsung,SM-A047M,Android,14
samsung,SM-A055M,Android,13
samsung,SM-A055M,Android,14
samsung,SM-A057M,Android,13
samsung,SM-A057M,Android,14
samsung,SM-A065M,Android,14
samsung,SM-A102U,Android,9
samsung,SM-A105M,Android,9
samsung,SM-A105M,Android,10
samsung,SM-A105M,Android,11
samsung,SM-A107M,Android,11
samsung,SM-A107M,Android,9
samsung,SM-A107M,Android,10
samsung,SM-A115M,Android,12
samsung,SM-A115M,Android,11
samsung,SM-A115M,Android,10
samsung,SM-A125F,Android,12
samsung,SM-A125M,Android,10
samsung,SM-A125M,Android,11
samsung,SM-A125M,Android,12
samsung,SM-A125U,Android,12
samsung,SM-A125U1,Android,12
samsung,SM-A127F,Android,13
samsung,SM-A127M,Android,11
samsung,SM-A127M,Android,12
samsung,SM-A127M,Android,13
samsung,SM-A135M,Android,13
samsung,SM-A135M,Android,12
samsung,SM-A135M,Android,14
samsung,SM-A136U,Android,13
samsung,SM-A136U1,Android,13
samsung,SM-A137F,Android,14
samsung,SM-A145M,Android,14
samsung,SM-A145M,Android,13
samsung,SM-A145R,Android,13
samsung,SM-A145R,Android,14
samsung,SM-A146M,Android,14
samsung,SM-A146M,Android,13
samsung,SM-A146U,Android,14
samsung,SM-A155F,Android,14
samsung,SM-A155M,Android,14
samsung,SM-A156M,Android,14
samsung,SM-A156U1,Android,14
samsung,SM-A165M,Android,14
samsung,SM-A166M,Android,14
samsung,SM-A205G,Android,10
samsung,SM-A205G,Android,9
samsung,SM-A205G,Android,11
samsung,SM-A205U,Android,10
samsung,SM-A207M,Android,11
samsung,SM-A207M,Android,9
samsung,SM-A207M,Android,10
samsung,SM-A217F,Android,12
samsung,SM-A217M,Android,10
samsung,SM-A217M,Android,12
samsung,SM-A217M,Android,11
samsung,SM-A225F,Android,13
samsung,SM-A225M,Android,12
samsung,SM-A225M,Android,13
samsung,SM-A225M,Android,11
samsung,SM-A226B,Android,13
samsung,SM-A226BR,Android,12
samsung,SM-A226BR,Android,13
samsung,SM-A226BR,Android,11
samsung,SM-A235M,Android,13
samsung,SM-A235M,Android,12
samsung,SM-A235M,Android,14
samsung,SM-A235N,Android,14
samsung,SM-A236M,Android,14
samsung,SM-A236U,Android,14
samsung,SM-A236U1,Android,14
samsung,SM-A245M,Android,13
samsung,SM-A245M,Android,14
samsung,SM-A256E,Android,14
samsung,SM-A256U1,Android,14
samsung,SM-A305G,Android,10
samsung,SM-A305G,Android,9
samsung,SM-A305G,Android,11
samsung,SM-A305GT,Android,11
samsung,SM-A307FN,Android,11
samsung,SM-A307G,Android,10
samsung,SM-A307G,Android,11
samsung,SM-A307G,Android,9
samsung,SM-A307GT,Android,11
samsung,SM-A315G,Android,10
samsung,SM-A315G,Android,12
samsung,SM-A315G,Android,11
samsung,SM-A325F,Android,13
samsung,SM-A325M,Android,12
samsung,SM-A325M,Android,11
samsung,SM-A325M,Android,13
samsung,SM-A326B,Android,13
samsung,SM-A326U,Android,13
samsung,SM-A326U,Android,12
samsung,SM-A326U1,Android,13
samsung,SM-A336E,Android,14
samsung,SM-A336M,Android,13
samsung,SM-A336M,Android,14
samsung,SM-A336M,Android,12
samsung,SM-A346E,Android,14
samsung,SM-A346M,Android,13
samsung,SM-A346M,Android,14
samsung,SM-A356E,Android,14
samsung,SM-A356U,Android,14
samsung,SM-A366E,Android,15
samsung,SM-A405FN,Android,11
samsung,SM-A426B,Android,12
samsung,SM-A505FN,Android,11
samsung,SM-A505G,Android,9
samsung,SM-A505G,Android,11
samsung,SM-A505G,Android,10
samsung,SM-A505GT,Android,11
samsung,SM-A505U,Android,11
samsung,SM-A515F,Android,12
samsung,SM-A515F,Android,13
samsung,SM-A515F,Android,10
samsung,SM-A515F,Android,11
samsung,SM-A515U1,Android,13
samsung,SM-A515W,Android,13
samsung,SM-A516B,Android,13
samsung,SM-A520F,Android,8.0.0
samsung,SM-A525F,Android,14
samsung,SM-A525M,Android,12
samsung,SM-A525M,Android,13
samsung,SM-A525M,Android,11
samsung,SM-A525M,Android,14
samsung,SM-A526U1,Android,14
samsung,SM-A528B,Android,12
samsung,SM-A528B,Android,14
samsung,SM-A528B,Android,13
samsung,SM-A528B,Android,11
samsung,SM-A530F,Android,9
samsung,SM-A530F,Android,8.0.0
samsung,SM-A536B,Android,14
samsung,SM-A536E,Android,12
samsung,SM-A536E,Android,13
samsung,SM-A536E,Android,14
samsung,SM-A536U,Android,13
samsung,SM-A536U,Android,14
samsung,SM-A536U1,Android,14
samsung,SM-A546B,Android,14
samsung,SM-A546E,Android,13
samsung,SM-A546E,Android,14
samsung,SM-A546U,Android,14
samsung,SM-A546U1,Android,14
samsung,SM-A556B,Android,14
samsung,SM-A556E,Android,14
samsung,SM-A566E,Android,15
samsung,SM-A600GN,Android,10
samsung,SM-A605GN,Android,8.0.0
samsung,SM-A605GN,Android,10
samsung,SM-A705FN,Android,11
samsung,SM-A705MN,Android,11
samsung,SM-A705MN,Android,10
samsung,SM-A715F,Android,12
samsung,SM-A715F,Android,13
samsung,SM-A715F,Android,10
samsung,SM-A715F,Android,11
samsung,SM-A716U1,Android,13
samsung,SM-A720F,Android,8.0.0
samsung,SM-A725M,Android,11
samsung,SM-A725M,Android,13
samsung,SM-A725M,Android,14
samsung,SM-A725M,Android,12
samsung,SM-A730F,Android,9
samsung,SM-A736B,Android,13
samsung,SM-A736B,Android,14
samsung,SM-A750F,Android,9
samsung,SM-A750G,Android,10
samsung,SM-A805F,Android,11
samsung,SM-A920F,Android,10
samsung,SM-E625F,Android,13
samsung,SM-E625F,Android,12
samsung,SM-F415F,Android,12
samsung,SM-F700F,Android,12
samsung,SM-F711B,Android,12
samsung,SM-F711B,Android,14
samsung,SM-F711N,Android,14
samsung,SM-F711U,Android,14
samsung,SM-F711U,Android,12
samsung,SM-F711U,Android,13
samsung,SM-F711U1,Android,14
samsung,SM-F7210,Android,14
samsung,SM-F721B,Android,14
samsung,SM-F721B,Android,13
samsung,SM-F721B,Android,12
samsung,SM-F721N,Android,15
samsung,SM-F721U1,Android,14
samsung,SM-F721U1,Android,13
samsung,SM-F731B,Android,13
samsung,SM-F731B,Android,14
samsung,SM-F731U,Android,14
samsung,SM-F731U1,Android,14
samsung,SM-F741B,Android,14
samsung,SM-F916U1,Android,13
samsung,SM-F926B,Android,14
samsung,SM-F926B,Android,13
samsung,SM-F926U,Android,14
samsung,SM-F936B,Android,12
samsung,SM-F936B,Android,14
samsung,SM-F936B,Android,13
samsung,SM-F936U1,Android,14
samsung,SM-F946B,Android,13
samsung,SM-F946B,Android,14
samsung,SM-F946U,Android,14
samsung,SM-F946U1,Android,14
samsung,SM-F946W,Android,14
samsung,SM-F956B,Android,14
samsung,SM-F956U1,Android,15
samsung,SM-F956U1,Android,14
samsung,SM-F956W,Android,14
samsung,SM-G570M,Android,8.0.0
samsung,SM-G610M,Android,8.1.2000
samsung,SM-G611M,Android,9
samsung,SM-G715U1,Android,11
samsung,SM-G770F,Android,12
samsung,SM-G770F,Android,13
samsung,SM-G770U1,Android,13
samsung,SM-G780F,Android,12
samsung,SM-G780F,Android,11
samsung,SM-G780F,Android,13
samsung,SM-G780G,Android,11
samsung,SM-G780G,Android,12
samsung,SM-G780G,Android,13
samsung,SM-G781B,Android,13
samsung,SM-G781B,Android,12
samsung,SM-G781B,Android,11
samsung,SM-G781U,Android,13
samsung,SM-G781U,Android,12
samsung,SM-G781U1,Android,13
samsung,SM-G781V,Android,12
samsung,SM-G781W,Android,13
samsung,SM-G930F,Android,8.0.0
samsung,SM-G935F,Android,8.0.0
samsung,SM-G950F,Android,9
samsung,SM-G950U,Android,9
samsung,SM-G950U,Android,8.0.0
samsung,SM-G950U1,Android,9
samsung,SM-G955F,Android,9
samsung,SM-G955U,Android,9
samsung,SM-G955U1,Android,9
samsung,SM-G9600,Android,9
samsung,SM-G9600,Android,10
samsung,SM-G960F,Android,10
samsung,SM-G960F,Android,9
samsung,SM-G960U,Android,9
samsung,SM-G960U,Android,10
samsung,SM-G960U1,Android,10
samsung,SM-G9650,Android,10
samsung,SM-G965F,Android,10
samsung,SM-G965F,Android,9
samsung,SM-G965U,Android,10
samsung,SM-G965U1,Android,10
samsung,SM-G965W,Android,10
samsung,SM-G970F,Android,12
samsung,SM-G970F,Android,11
samsung,SM-G970U,Android,12
samsung,SM-G970U1,Android,12
samsung,SM-G973F,Android,9
samsung,SM-G973F,Android,12
samsung,SM-G973F,Android,11
samsung,SM-G973U,Android,12
samsung,SM-G973U1,Android,12
samsung,SM-G975F,Android,10
samsung,SM-G975F,Android,9
samsung,SM-G975F,Android,11
samsung,SM-G975F,Android,12
samsung,SM-G975U,Android,12
samsung,SM-G975U,Android,11
samsung,SM-G975U,Android,10
samsung,SM-G975U1,Android,12
samsung,SM-G977N,Android,12
samsung,SM-G980F,Android,12
samsung,SM-G980F,Android,13
samsung,SM-G980F,Android,10
samsung,SM-G981U,Android,10
samsung,SM-G981U,Android,13
samsung,SM-G981U,Android,11
samsung,SM-G981U1,Android,13
samsung,SM-G981V,Android,13
samsung,SM-G981W,Android,13
samsung,SM-G985F,Android,13
samsung,SM-G985F,Android,11
samsung,SM-G985F,Android,12
samsung,SM-G9860,Android,13
samsung,SM-G986B,Android,13
samsung,SM-G986U,Android,13
samsung,SM-G986U,Android,11
samsung,SM-G986U,Android,12
samsung,SM-G986U1,Android,13
samsung,SM-G9880,Android,13
samsung,SM-G988B,Android,13
samsung,SM-G988B,Android,10
samsung,SM-G988B,Android,12
samsung,SM-G988U,Android,11
samsung,SM-G988U,Android,13
samsung,SM-G988U,Android,12
samsung,SM-G988U,Android,10
samsung,SM-G988U1,Android,13
samsung,SM-G9900,Android,14
samsung,SM-G990B2,Android,14
samsung,SM-G990B2,Android,13
samsung,SM-G990E,Android,13
samsung,SM-G990E,Android,12
samsung,SM-G990E,Android,14
samsung,SM-G990U,Android,13
samsung,SM-G990U,Android,12
samsung,SM-G990U,Android,14
samsung,SM-G990U1,Android,14
samsung,SM-G990U2,Android,13
samsung,SM-G991B,Android,12
samsung,SM-G991B,Android,11
samsung,SM-G991B,Android,13
samsung,SM-G991B,Android,14
samsung,SM-G991Q,Android,14
samsung,SM-G991U,Android,13
samsung,SM-G991U,Android,12
samsung,SM-G991U,Android,14
samsung,SM-G991U1,Android,11
samsung,SM-G991U1,Android,14
samsung,SM-G991W,Android,14
samsung,SM-G996B,Android,14
samsung,SM-G996B,Android,13
samsung,SM-G996B,Android,11
samsung,SM-G996B,Android,12
samsung,SM-G996N,Android,14
samsung,SM-G996U,Android,13
samsung,SM-G996U,Android,11
samsung,SM-G996U,Android,12
samsung,SM-G996U,Android,14
samsung,SM-G996U1,Android,13
samsung,SM-G996U1,Android,14
samsung,SM-G996U1,Android,15
samsung,SM-G998B,Android,11
samsung,SM-G998B,Android,12
samsung,SM-G998B,Android,14
samsung,SM-G998B,Android,13
samsung,SM-G998U,Android,12
samsung,SM-G998U,Android,14
samsung,SM-G998U,Android,13
samsung,SM-G998U,Android,11
samsung,SM-G998U1,Android,14
samsung,SM-G998U1,Android,13
samsung,SM-G998W,Android,14
samsung,SM-J260M,Android,8.1.2000
samsung,SM-J400M,Android,10
samsung,SM-J400M,Android,9
samsung,SM-J415G,Android,8.1.2000
samsung,SM-J415G,Android,9
samsung,SM-J610G,Android,10
samsung,SM-J610G,Android,8.1.2000
samsung,SM-J701M,Android,8.1.2000
samsung,SM-J701M,Android,9
samsung,SM-J710MN,Android,8.1.2000
samsung,SM-J730GM,Android,8.1.2000
samsung,SM-J730GM,Android,9
samsung,SM-J810M,Android,10
samsung,SM-M115M,Android,12
samsung,SM-M127F,Android,12
samsung,SM-M127F,Android,13
samsung,SM-M146B,Android,14
samsung,SM-M225FV,Android,12
samsung,SM-M225FV,Android,13
samsung,SM-M305M,Android,10
samsung,SM-M315F,Android,12
samsung,SM-M315F,Android,10
samsung,SM-M315F,Android,11
samsung,SM-M325FV,Android,13
samsung,SM-M515F,Android,12
samsung,SM-M526B,Android,13
samsung,SM-M536B,Android,14
samsung,SM-M546B,Android,14
samsung,SM-M556B,Android,14
samsung,SM-N770F,Android,13
samsung,SM-N950F,Android,9
samsung,SM-N950U,Android,9
samsung,SM-N950U1,Android,9
samsung,SM-N9600,Android,10
samsung,SM-N9600,Android,9
samsung,SM-N960F,Android,10
samsung,SM-N960U,Android,9
samsung,SM-N960U,Android,10
samsung,SM-N960U1,Android,10
samsung,SM-N970F,Android,12
samsung,SM-N970U,Android,11
samsung,SM-N970U,Android,12
samsung,SM-N970U1,Android,12
samsung,SM-N9750,Android,12
samsung,SM-N9750,Android,10
samsung,SM-N975F,Android,12
samsung,SM-N975U,Android,12
samsung,SM-N975U,Android,10
samsung,SM-N975U,Android,11
samsung,SM-N975U1,Android,11
samsung,SM-N975U1,Android,12
samsung,SM-N976U,Android,12
samsung,SM-N980F,Android,13
samsung,SM-N980F,Android,12
samsung,SM-N981U,Android,12
samsung,SM-N981U,Android,13
samsung,SM-N981U1,Android,13
samsung,SM-N985F,Android,10
samsung,SM-N985F,Android,13
samsung,SM-N9860,Android,13
samsung,SM-N986B,Android,13
samsung,SM-N986N,Android,13
samsung,SM-N986U,Android,12
samsung,SM-N986U,Android,13
samsung,SM-N986U1,Android,13
samsung,SM-P610,Android,12
samsung,SM-P610,Android,13
samsung,SM-P613,Android,13
samsung,SM-P613,Android,14
samsung,SM-P615,Android,13
samsung,SM-P620,Android,14
samsung,SM-S711B,Android,14
samsung,SM-S711B,Android,13
samsung,SM-S711U1,Android,14
samsung,SM-S721B,Android,15
samsung,SM-S721B,Android,14
samsung,SM-S9010,Android,14
samsung,SM-S901B,Android,14
samsung,SM-S901B,Android,13
samsung,SM-S901E,Android,14
samsung,SM-S901E,Android,12
samsung,SM-S901E,Android,13
samsung,SM-S901U,Android,14
samsung,SM-S901U,Android,13
samsung,SM-S901U1,Android,14
samsung,SM-S901W,Android,14
samsung,SM-S9060,Android,14
samsung,SM-S9060,Android,13
samsung,SM-S906E,Android,13
samsung,SM-S906E,Android,14
samsung,SM-S906E,Android,12
samsung,SM-S906U,Android,13
samsung,SM-S906U,Android,12
samsung,SM-S906U,Android,14
samsung,SM-S906U1,Android,14
samsung,SM-S906W,Android,14
samsung,SM-S9080,Android,14
samsung,SM-S9080,Android,13
samsung,SM-S908B,Android,14
samsung,SM-S908E,Android,14
samsung,SM-S908E,Android,13
samsung,SM-S908E,Android,12
samsung,SM-S908N,Android,14
samsung,SM-S908U,Android,14
samsung,SM-S908U,Android,12
samsung,SM-S908U,Android,13
samsung,SM-S908U,Android,15
samsung,SM-S908U1,Android,15
samsung,SM-S908U1,Android,13
samsung,SM-S908U1,Android,14
samsung,SM-S908W,Android,14
samsung,SM-S911B,Android,14
samsung,SM-S911B,Android,13
samsung,SM-S911U,Android,15
samsung,SM-S911U,Android,14
samsung,SM-S911U1,Android,14
samsung,SM-S911U1,Android,13
samsung,SM-S911W,Android,14
samsung,SM-S916B,Android,13
samsung,SM-S916B,Android,14
samsung,SM-S916U,Android,15
samsung,SM-S916U,Android,14
samsung,SM-S916U1,Android,14
samsung,SM-S918B,Android,13
samsung,SM-S918B,Android,15
samsung,SM-S918B,Android,14
samsung,SM-S918N,Android,14
samsung,SM-S918U,Android,14
samsung,SM-S918U,Android,13
samsung,SM-S918U1,Android,13
samsung,SM-S918U1,Android,14
samsung,SM-S918W,Android,14
samsung,SM-S921B,Android,14
samsung,SM-S921U,Android,14
samsung,SM-S921U1,Android,14
samsung,SM-S921W,Android,14
samsung,SM-S9260,Android,14
samsung,SM-S926B,Android,14
samsung,SM-S926U,Android,14
samsung,SM-S926U1,Android,14
samsung,SM-S928B,Android,15
samsung,SM-S928B,Android,14
samsung,SM-S928U,Android,14
samsung,SM-S928U,Android,15
samsung,SM-S928U1,Android,14
samsung,SM-S931B,Android,15
samsung,SM-S931U1,Android,15
samsung,SM-S936B,Android,15
samsung,SM-S936U1,Android,15
samsung,SM-S938B,Android,15
samsung,SM-S938U,Android,15
samsung,SM-S938U1,Android,15
samsung,SM-T500,Android,12
samsung,SM-T510,Android,11
samsung,SM-T720,Android,11
samsung,SM-T733,Android,14
samsung,SM-T870,Android,13
samsung,SM-T970,Android,13
samsung,SM-X210,Android,14
samsung,SM-X510,Android,14
samsung,SM-X610,Android,14
samsung,SM-X800,Android,14
samsung,SM-X810,Android,14
samsung,SM-X900,Android,14
surface,Surface Duo,Android,12
unknown,HAT-LX1,Android,8.0.0
vivo,V2023,Android,12
vivo,V2027,Android,12
vivo,V2028,Android,12
vivo,V2028,Android,10
vivo,V2035,Android,13
vivo,V2050,Android,13
vivo,V2057,Android,13
vivo,V2058,Android,13
vivo,V2110,Android,13
vivo,V2110,Android,11
vivo,V2127,Android,12
vivo,V2127,Android,14
vivo,V2127,Android,13
vivo,V2145A,Android,14
vivo,V2202,Android,14
vivo,V2204,Android,12
vivo,V2205,Android,13
vivo,V2205,Android,14
vivo,V2206,Android,13
vivo,V2206,Android,14
vivo,V2242,Android,14
vivo,V2242,Android,15
vivo,V2247,Android,14
vivo,V2248,Android,14
vivo,V2314,Android,14
vivo,V2332,Android,14
vivo,V2349,Android,14
vivo,V2351,Android,14
vivo,V2415A,Android,15
vivo,V2418,Android,14
vivo,V2418,Android,15
vivo,V2440,Android,15
vivo,vivo 1935,Android,12
vivo,vivo 1938,Android,12
xiaomi,Mi A1,Android,9
xiaomi,Mi A2,Android,10
xiaomi,Mi A2 Lite,Android,10
xiaomi,Redmi 5 Plus,Android,8.1.2000
xiaomi,Redmi 6,Android,8.1.2000
xiaomi,Redmi 7,Android,10
xiaomi,Redmi Note 5,Android,9
xiaomi,Redmi Note 6 Pro,Android,9
xiaomi,Redmi Note 7,Android,10
xiaomi,Redmi Note 7,Android,9
xiaomi,Redmi Note 8,Android,9
xiaomi,Redmi Note 8,Android,11
xiaomi,Redmi Note 8,Android,10
xiaomi,Redmi Note 8T,Android,9